"iso3c","date","SCI","SCI_rank"
"MEX",2016,98.8889,1
"PER",2014,98.8888888888889,1
"KGZ",2019,96.6666666666667,1
"ROU",2006,96.6666666666667,1
"ROU",2007,96.6666666666667,1
"ROU",2008,96.6666666666667,1
"ARG",2015,95.5555666666667,2
"CHL",2015,95.5555666666667,2
"CHL",2016,95.5555666666667,2.5
"KAZ",2017,95.5555666666667,1
"MDA",2015,95.5555666666667,2
"MDA",2016,95.5555666666667,2.5
"CHL",2013,95.5555555555556,1
"CHL",2014,95.5555555555556,2
"GEO",2010,95.5555555555556,1.5
"GEO",2011,95.5555555555556,1.5
"ROU",2009,95.5555555555556,1
"ROU",2010,95.5555555555556,1.5
"ROU",2011,95.5555555555556,1.5
"HRV",2004,95.5555555555555,1
"HRV",2005,95.5555555555555,1
"KAZ",2007,95.5555555555555,2
"KAZ",2008,95.5555555555555,2
"KAZ",2010,95.5555555555555,3.5
"URY",2010,95.5555555555555,3.5
"ARM",2020,94.4444666666667,1
"CHL",2007,94.4444444444445,3
"HRV",2006,94.4444444444445,2
"BGR",2008,94.4444444444444,3.5
"CHL",2010,94.4444444444444,5
"CHL",2011,94.4444444444444,3.5
"CHL",2012,94.4444444444444,2.5
"GEO",2012,94.4444444444444,2.5
"KAZ",2009,94.4444444444444,2
"KAZ",2012,94.4444444444444,2.5
"KAZ",2013,94.4444444444444,2.5
"KGZ",2008,94.4444444444444,3.5
"MDA",2013,94.4444444444444,2.5
"MDA",2014,94.4444444444444,3
"URY",2011,94.4444444444444,3.5
"URY",2012,94.4444444444444,2.5
"ARM",2018,93.3333666666667,1
"ARM",2019,93.3333666666667,2
"MUS",2015,93.3333666666667,4
"MEX",2017,93.3333666666667,2
"ARM",2009,93.3333333333333,3
"ARM",2015,93.3333333333333,5.5
"BGR",2006,93.3333333333333,3
"BGR",2007,93.3333333333333,4
"CHL",2017,93.3333333333333,3.5
"KAZ",2018,93.3333333333333,2.5
"KGZ",2018,93.3333333333333,2.5
"MEX",2019,93.3333333333333,3
"PER",2004,93.3333333333333,2
"PER",2015,93.3333333333333,5.5
"PER",2016,93.3333333333333,4
"ROU",2005,93.3333333333333,2
"SRB",2017,93.3333333333333,3.5
"SRB",2014,92.3333333333333,4
"ARM",2016,92.2222333333333,6
"SLV",2016,92.2222333333333,6
"SLV",2017,92.2222333333333,5.5
"KAZ",2016,92.2222333333333,6
"MEX",2015,92.2222333333333,7
"MDA",2017,92.2222333333333,5.5
"MDA",2018,92.2222333333333,4
"MNG",2020,92.2222333333333,2
"ARG",2004,92.2222222222222,3
"ARM",2008,92.2222222222222,6.5
"ARM",2010,92.2222222222222,6
"ARM",2011,92.2222222222222,5.5
"CHL",2008,92.2222222222222,6.5
"CHL",2009,92.2222222222222,5
"GEO",2013,92.2222222222222,4.5
"KAZ",2011,92.2222222222222,5.5
"PHL",2008,92.2222222222222,6.5
"PHL",2009,92.2222222222222,5
"ROU",2012,92.2222222222222,5.5
"UKR",2012,92.2222222222222,5.5
"URY",2008,92.2222222222222,6.5
"URY",2009,92.2222222222222,5
"URY",2013,92.2222222222222,4.5
"EGY",2015,91.1111333333333,8.5
"SLV",2015,91.1111333333333,8.5
"IND",2017,91.1111333333333,7
"MUS",2016,91.1111333333333,8
"MNG",2019,91.1111333333333,4
"BRA",2007,91.1111111111111,6
"BGR",2009,91.1111111111111,7.5
"BGR",2010,91.1111111111111,7.5
"BGR",2011,91.1111111111111,7
"BGR",2012,91.1111111111111,8
"CHL",2004,91.1111111111111,4
"CHL",2005,91.1111111111111,3.5
"CHL",2006,91.1111111111111,4.5
"EGY",2006,91.1111111111111,4.5
"SLV",2010,91.1111111111111,7.5
"SLV",2012,91.1111111111111,8
"SLV",2013,91.1111111111111,7
"SLV",2014,91.1111111111111,5.5
"KGZ",2005,91.1111111111111,3.5
"KGZ",2007,91.1111111111111,6
"KGZ",2009,91.1111111111111,7.5
"MDA",2012,91.1111111111111,8
"SRB",2013,91.1111111111111,7
"ZAF",2007,91.1111111111111,6
"UKR",2013,91.1111111111111,7
"UKR",2014,91.1111111111111,5.5
"ARM",2017,91.1111,8
"CRI",2018,91.1111,5
"CRI",2019,91.1111,5.5
"CRI",2020,91.1111,3.5
"MDA",2019,91.1111,5.5
"MDA",2020,91.1111,3.5
"UKR",2015,91.1111,10
"ARM",2007,90,9
"BRA",2006,90,7.5
"BGR",2018,90,7
"CHL",2018,90,7
"CHL",2019,90,7
"HRV",2008,90,10
"EGY",2013,90,9
"EGY",2014,90,7.5
"IDN",2007,90,9
"IDN",2008,90,10
"KAZ",2015,90,11.5
"KGZ",2006,90,7.5
"KGZ",2017,90,10
"KGZ",2020,90,5
"MEX",2018,90,7
"PER",2017,90,10
"RUS",2011,90,8
"SRB",2015,90,11.5
"SRB",2016,90,9
"ZAF",2006,90,7.5
"THA",2017,90,10
"URY",2006,90,7.5
"URY",2007,90,9
"URY",2014,90,7.5
"VEN",2008,90,10
"ALB",2017,88.8889,12.5
"ARG",2016,88.8889,11
"COL",2016,88.8889,11
"COL",2017,88.8889,12.5
"SLV",2019,88.8889,9
"GEO",2015,88.8889,13
"GEO",2016,88.8889,11
"IDN",2019,88.8889,9
"SRB",2019,88.8889,9
"SRB",2020,88.8889,6
"ARG",2005,88.8888888888889,5
"ARG",2006,88.8888888888889,10.5
"ARM",2013,88.8888888888889,10.5
"HRV",2009,88.8888888888889,9.5
"EGY",2011,88.8888888888889,10.5
"GEO",2008,88.8888888888889,12
"GEO",2009,88.8888888888889,9.5
"KAZ",2006,88.8888888888889,10.5
"KAZ",2014,88.8888888888889,9
"KGZ",2010,88.8888888888889,9.5
"MEX",2011,88.8888888888889,10.5
"PER",2013,88.8888888888889,10.5
"PHL",2007,88.8888888888889,11
"PHL",2010,88.8888888888889,9.5
"PHL",2011,88.8888888888889,10.5
"ROU",2004,88.8888888888889,5
"UKR",2011,88.8888888888889,10.5
"URY",2015,88.8888666666667,14
"URY",2016,88.8888666666667,13
"ALB",2020,87.7778,7
"BGR",2019,87.7778,11
"GEO",2018,87.7778,9
"ARG",2009,87.7777777777778,12
"ARM",2014,87.7777777777778,11
"BLR",2014,87.7777777777778,11
"HRV",2007,87.7777777777778,12.5
"HRV",2013,87.7777777777778,12.5
"EGY",2005,87.7777777777778,7
"EGY",2007,87.7777777777778,12.5
"EGY",2009,87.7777777777778,12
"SLV",2011,87.7777777777778,13
"KAZ",2005,87.7777777777778,7
"KGZ",2004,87.7777777777778,6
"MEX",2012,87.7777777777778,10
"MEX",2013,87.7777777777778,12.5
"ROU",2014,87.7777777777778,11
"RUS",2005,87.7777777777778,7
"RUS",2010,87.7777777777778,11.5
"UKR",2006,87.7777777777778,12
"UKR",2009,87.7777777777778,12
"UKR",2010,87.7777777777778,11.5
"BLR",2015,87.7777666666667,15
"BLR",2016,87.7777666666667,14.5
"BLR",2017,87.7777666666667,15
"BGR",2017,87.7777666666667,15
"CRI",2017,87.7777666666667,15
"EGY",2016,87.7777666666667,14.5
"GEO",2019,87.7777666666667,12
"GEO",2020,87.7777666666667,8
"GEO",2017,86.6667,17
"MKD",2018,86.6667,10
"ARG",2008,86.6666666666667,15.5
"ARG",2010,86.6666666666667,13.5
"ARM",2006,86.6666666666667,14.5
"ARM",2012,86.6666666666667,12.5
"BLR",2012,86.6666666666667,12.5
"BLR",2013,86.6666666666667,14.5
"BLR",2019,86.6666666666667,13.5
"BRA",2005,86.6666666666667,12
"BRA",2008,86.6666666666667,15.5
"BRA",2009,86.6666666666667,16
"BGR",2004,86.6666666666667,9
"BGR",2005,86.6666666666667,12
"CHL",2020,86.6666666666667,9.5
"COL",2004,86.6666666666667,9
"HRV",2011,86.6666666666667,14
"HRV",2012,86.6666666666667,12.5
"HRV",2020,86.6666666666667,9.5
"ECU",2005,86.6666666666667,12
"ECU",2006,86.6666666666667,14.5
"ECU",2007,86.6666666666667,15.5
"EGY",2008,86.6666666666667,15.5
"EGY",2012,86.6666666666667,12.5
"EGY",2018,86.6666666666667,11.5
"IDN",2004,86.6666666666667,9
"IDN",2009,86.6666666666667,16
"IDN",2010,86.6666666666667,13.5
"IDN",2016,86.6666666666667,16
"IDN",2017,86.6666666666667,18
"KAZ",2004,86.6666666666667,9
"KAZ",2019,86.6666666666667,13.5
"KGZ",2014,86.6666666666667,13
"MDA",2006,86.6666666666667,14.5
"MDA",2007,86.6666666666667,15.5
"MDA",2008,86.6666666666667,15.5
"PHL",2005,86.6666666666667,12
"POL",2005,86.6666666666667,12
"POL",2006,86.6666666666667,14.5
"POL",2007,86.6666666666667,15.5
"POL",2008,86.6666666666667,15.5
"POL",2009,86.6666666666667,16
"ROU",2013,86.6666666666667,14.5
"SRB",2018,86.6666666666667,11.5
"ZAF",2004,86.6666666666667,9
"ZAF",2005,86.6666666666667,12
"ZAF",2008,86.6666666666667,15.5
"TUR",2009,86.6666666666667,16
"UKR",2005,86.6666666666667,12
"VEN",2007,86.6666666666667,15.5
"VEN",2009,86.6666666666667,16
"EGY",2019,85.5556,15
"ARG",2017,85.5555666666667,20
"BGR",2020,85.5555666666667,12.5
"SLV",2018,85.5555666666667,13.5
"IDN",2018,85.5555666666667,13.5
"IDN",2020,85.5555666666667,12.5
"KGZ",2016,85.5555666666667,17.5
"MUS",2017,85.5555666666667,20
"MUS",2019,85.5555666666667,16.5
"MUS",2020,85.5555666666667,12.5
"MNE",2019,85.5555666666667,16.5
"MNE",2020,85.5555666666667,12.5
"POL",2015,85.5555666666667,16.5
"THA",2015,85.5555666666667,16.5
"THA",2016,85.5555666666667,17.5
"TUR",2017,85.5555666666667,20
"BGR",2013,85.5555555555556,16.5
"COL",2007,85.5555555555556,18
"COL",2009,85.5555555555556,19.5
"GTM",2009,85.5555555555556,19.5
"GTM",2010,85.5555555555556,15.5
"GTM",2011,85.5555555555556,15
"IDN",2006,85.5555555555556,17
"POL",2010,85.5555555555556,15.5
"TUR",2013,85.5555555555556,16.5
"URY",2005,85.5555555555556,16
"ARG",2007,85.5555555555555,20
"ARG",2011,85.5555555555555,17
"ARG",2012,85.5555555555555,15
"BLR",2010,85.5555555555555,18
"BLR",2011,85.5555555555555,17
"EGY",2010,85.5555555555555,18
"GEO",2005,85.5555555555555,17
"GEO",2006,85.5555555555555,18
"GEO",2007,85.5555555555555,20
"MUS",2014,85.5555555555555,14.5
"MEX",2010,85.5555555555555,18
"MEX",2014,85.5555555555555,14.5
"PAK",2007,85.5555555555555,20
"TUR",2011,85.5555555555555,17
"URY",2017,85.5555333333333,22
"IDN",2015,84.4444666666667,18
"MAR",2016,84.4444666666667,19
"ROU",2020,84.4444666666667,15
"LKA",2018,84.4444666666667,15
"ARM",2005,84.4444444444444,19
"BLR",2009,84.4444444444444,23.5
"BRA",2011,84.4444444444444,20.5
"BGR",2014,84.4444444444444,17.5
"COL",2010,84.4444444444444,21.5
"COL",2011,84.4444444444444,20.5
"COL",2012,84.4444444444444,17
"HRV",2010,84.4444444444444,21.5
"ECU",2008,84.4444444444444,20.5
"ECU",2009,84.4444444444444,23.5
"SLV",2009,84.4444444444444,23.5
"IDN",2005,84.4444444444444,19
"KGZ",2011,84.4444444444444,20.5
"KGZ",2012,84.4444444444444,17
"KGZ",2013,84.4444444444444,19
"MYS",2006,84.4444444444444,19
"MYS",2009,84.4444444444444,23.5
"MDA",2009,84.4444444444444,23.5
"MDA",2010,84.4444444444444,21.5
"MDA",2011,84.4444444444444,20.5
"MKD",2014,84.4444444444444,17.5
"PAK",2008,84.4444444444444,20.5
"PER",2005,84.4444444444444,19
"PHL",2013,84.4444444444444,19
"POL",2013,84.4444444444444,19
"RUS",2009,84.4444444444444,23.5
"RUS",2014,84.4444444444444,17.5
"TUR",2008,84.4444444444444,20.5
"TUR",2010,84.4444444444444,21.5
"TUR",2012,84.4444444444444,17
"TUR",2014,84.4444444444444,17.5
"UKR",2007,84.4444444444444,22
"UKR",2008,84.4444444444444,20.5
"BRA",2018,84.4444333333333,16
"BRA",2019,84.4444333333333,18
"BGR",2015,84.4444333333333,20
"BGR",2016,84.4444333333333,20.5
"COL",2015,84.4444333333333,20
"CRI",2015,84.4444333333333,20
"CRI",2016,84.4444333333333,20.5
"ARG",2014,83.3333333333333,22
"BLR",2005,83.3333333333333,22
"BLR",2007,83.3333333333333,23.5
"BLR",2008,83.3333333333333,24
"BLR",2020,83.3333333333333,16.5
"BRA",2004,83.3333333333333,13
"BRA",2010,83.3333333333333,24.5
"HRV",2014,83.3333333333333,22
"HRV",2017,83.3333333333333,25.5
"HRV",2018,83.3333333333333,18.5
"DOM",2016,83.3333333333333,23
"DOM",2017,83.3333333333333,25.5
"EGY",2017,83.3333333333333,25.5
"GTM",2008,83.3333333333333,24
"IDN",2011,83.3333333333333,24
"IDN",2012,83.3333333333333,20.5
"IDN",2014,83.3333333333333,22
"MDA",2005,83.3333333333333,22
"MNG",2013,83.3333333333333,21.5
"MNG",2014,83.3333333333333,22
"NIC",2005,83.3333333333333,22
"MKD",2015,83.3333333333333,22
"PAK",2009,83.3333333333333,27
"PER",2012,83.3333333333333,20.5
"PER",2018,83.3333333333333,18.5
"PHL",2006,83.3333333333333,20
"PHL",2012,83.3333333333333,20.5
"POL",2004,83.3333333333333,13
"RUS",2007,83.3333333333333,23.5
"RUS",2008,83.3333333333333,24
"RUS",2017,83.3333333333333,25.5
"RUS",2018,83.3333333333333,18.5
"SRB",2011,83.3333333333333,24
"SRB",2012,83.3333333333333,20.5
"LKA",2016,83.3333333333333,23
"LKA",2017,83.3333333333333,25.5
"THA",2011,83.3333333333333,24
"THA",2014,83.3333333333333,22
"THA",2020,83.3333333333333,16.5
"UKR",2004,83.3333333333333,13
"UKR",2016,83.3333333333333,23
"VEN",2010,83.3333333333333,24.5
"VNM",2017,83.3333333333333,25.5
"VNM",2018,83.3333333333333,18.5
"PSE",2013,83.3333333333333,21.5
"EGY",2020,82.2222666666667,18
"JOR",2019,82.2222666666667,19
"ALB",2016,82.2222333333333,26.5
"ALB",2018,82.2222333333333,23
"AZE",2017,82.2222333333333,29
"COL",2018,82.2222333333333,23
"COL",2020,82.2222333333333,20.5
"SLV",2020,82.2222333333333,20.5
"KGZ",2015,82.2222333333333,25
"MUS",2018,82.2222333333333,23
"MKD",2019,82.2222333333333,21
"PHL",2020,82.2222333333333,20.5
"POL",2018,82.2222333333333,23
"POL",2019,82.2222333333333,21
"ROU",2015,82.2222333333333,25
"RUS",2019,82.2222333333333,21
"RUS",2020,82.2222333333333,20.5
"ZAF",2016,82.2222333333333,26.5
"THA",2018,82.2222333333333,23
"TUR",2015,82.2222333333333,25
"VEN",2015,82.2222333333333,25
"VEN",2016,82.2222333333333,26.5
"VNM",2015,82.2222333333333,25
"VNM",2016,82.2222333333333,26.5
"COL",2008,82.2222222222222,26
"CRI",2004,82.2222222222222,17
"ECU",2004,82.2222222222222,17
"ECU",2010,82.2222222222222,26.5
"ECU",2011,82.2222222222222,26.5
"GEO",2014,82.2222222222222,26
"GTM",2012,82.2222222222222,24.5
"MAR",2006,82.2222222222222,22
"MAR",2007,82.2222222222222,25
"MAR",2009,82.2222222222222,28
"PAN",2014,82.2222222222222,26
"POL",2011,82.2222222222222,26.5
"POL",2012,82.2222222222222,24.5
"RUS",2012,82.2222222222222,24.5
"RUS",2013,82.2222222222222,23
"ZAF",2010,82.2222222222222,26.5
"THA",2004,82.2222222222222,17
"THA",2005,82.2222222222222,24.5
"THA",2006,82.2222222222222,22
"THA",2012,82.2222222222222,24.5
"TUR",2004,82.2222222222222,17
"URY",2004,82.2222222222222,17
"VEN",2005,82.2222222222222,24.5
"VEN",2006,82.2222222222222,22
"PSE",2014,82.2222222222222,26
"MNG",2016,82.2222,29.5
"PHL",2015,82.2222,28
"PHL",2016,82.2222,29.5
"PHL",2017,82.2222,30
"HRV",2016,81.1111333333333,32.5
"HRV",2019,81.1111333333333,24.5
"IND",2016,81.1111333333333,32.5
"MAR",2015,81.1111333333333,30
"MKD",2017,81.1111333333333,31.5
"PHL",2018,81.1111333333333,27
"PHL",2019,81.1111333333333,24.5
"ROU",2017,81.1111333333333,31.5
"ROU",2018,81.1111333333333,27
"RUS",2015,81.1111333333333,30
"RUS",2016,81.1111333333333,32.5
"SEN",2018,81.1111333333333,27
"ZAF",2020,81.1111333333333,23.5
"LKA",2019,81.1111333333333,24.5
"TJK",2015,81.1111333333333,30
"TJK",2016,81.1111333333333,32.5
"TUR",2019,81.1111333333333,24.5
"TUR",2020,81.1111333333333,23.5
"ALB",2006,81.1111111111111,24.5
"COL",2013,81.1111111111111,24
"COL",2014,81.1111111111111,29
"IND",2010,81.1111111111111,28.5
"IND",2014,81.1111111111111,29
"IRN",2009,81.1111111111111,30
"JAM",2011,81.1111111111111,29
"MYS",2007,81.1111111111111,26.5
"MKD",2008,81.1111111111111,27.5
"PAK",2006,81.1111111111111,24.5
"PER",2009,81.1111111111111,30
"PER",2010,81.1111111111111,28.5
"PER",2011,81.1111111111111,29
"PHL",2004,81.1111111111111,20
"ZAF",2009,81.1111111111111,30
"ZAF",2011,81.1111111111111,29
"THA",2007,81.1111111111111,26.5
"THA",2008,81.1111111111111,27.5
"TUR",2005,81.1111111111111,26
"VEN",2014,81.1111111111111,29
"ARG",2018,81.1111,30
"BLR",2018,81.1111,30
"BRA",2020,81.1111,25
"COL",2019,81.1111,27
"MYS",2017,81.1111,33
"MNG",2018,81.1111,30
"MKD",2016,81.1111,35
"ZAF",2015,81.1111,32
"HRV",2015,80.0000333333333,33
"LKA",2020,80.0000333333333,26
"ALB",2007,80,29.5
"ARG",2019,80,30
"AZE",2020,80,29
"BGD",2014,80,31
"BLR",2004,80,23
"BLR",2006,80,28.5
"CHN",2016,80,36
"CHN",2018,80,32.5
"CHN",2019,80,30
"CHN",2020,80,29
"CIV",2004,80,23
"CIV",2005,80,27.5
"ETH",2009,80,33
"ETH",2010,80,31
"GTM",2004,80,23
"GTM",2006,80,28.5
"GTM",2007,80,29.5
"IND",2006,80,28.5
"IND",2008,80,31.5
"IDN",2013,80,26.5
"IRN",2007,80,29.5
"IRN",2008,80,31.5
"IRN",2018,80,32.5
"MYS",2008,80,31.5
"MYS",2010,80,31
"MUS",2012,80,27.5
"MEX",2009,80,33
"MEX",2020,80,29
"MNG",2007,80,29.5
"MNG",2008,80,31.5
"MAR",2004,80,23
"MAR",2008,80,31.5
"NPL",2006,80,28.5
"MKD",2012,80,27.5
"MKD",2013,80,26.5
"PAK",2005,80,27.5
"PER",2006,80,28.5
"PER",2008,80,31.5
"PER",2019,80,30
"PER",2020,80,29
"SEN",2019,80,30
"THA",2009,80,33
"THA",2010,80,31
"THA",2013,80,26.5
"THA",2019,80,30
"TUR",2006,80,28.5
"URY",2020,80,29
"VEN",2004,80,23
"VEN",2013,80,26.5
"PSE",2015,80,34
"PSE",2017,80,34
"JOR",2018,78.8889333333333,34
"ALB",2019,78.8889,34.5
"ARG",2020,78.8889,33
"BOL",2015,78.8889,36
"CHN",2017,78.8889,35.5
"DOM",2015,78.8889,36
"GTM",2017,78.8889,35.5
"IRN",2016,78.8889,37
"IRN",2019,78.8889,34.5
"KAZ",2020,78.8889,33
"MYS",2018,78.8889,35
"MYS",2019,78.8889,34.5
"PAN",2015,78.8889,36
"POL",2020,78.8889,33
"VNM",2019,78.8889,34.5
"AZE",2005,78.8888888888889,31
"AZE",2006,78.8888888888889,33
"AZE",2007,78.8888888888889,33.5
"AZE",2008,78.8888888888889,35.5
"AZE",2009,78.8888888888889,35
"AZE",2010,78.8888888888889,35
"BTN",2014,78.8888888888889,35
"BRA",2012,78.8888888888889,30
"COL",2005,78.8888888888889,31
"CRI",2006,78.8888888888889,33
"DOM",2014,78.8888888888889,35
"ETH",2008,78.8888888888889,35.5
"IND",2004,78.8888888888889,27
"IND",2007,78.8888888888889,33.5
"JAM",2012,78.8888888888889,30
"JAM",2013,78.8888888888889,30.5
"JAM",2014,78.8888888888889,35
"MWI",2010,78.8888888888889,35
"MWI",2013,78.8888888888889,30.5
"MYS",2005,78.8888888888889,31
"MNG",2005,78.8888888888889,31
"MNG",2006,78.8888888888889,33
"MAR",2005,78.8888888888889,31
"MAR",2013,78.8888888888889,30.5
"MAR",2014,78.8888888888889,35
"NIC",2004,78.8888888888889,27
"MKD",2010,78.8888888888889,35
"MKD",2011,78.8888888888889,31.5
"PAN",2010,78.8888888888889,35
"PER",2007,78.8888888888889,33.5
"POL",2014,78.8888888888889,35
"RWA",2014,78.8888888888889,35
"SEN",2004,78.8888888888889,27
"LKA",2012,78.8888888888889,30
"LKA",2013,78.8888888888889,30.5
"LKA",2014,78.8888888888889,35
"TUN",2010,78.8888888888889,35
"TUR",2007,78.8888888888889,33.5
"VEN",2011,78.8888888888889,31.5
"MNG",2017,78.8888666666667,37.5
"ROU",2019,78.8888666666667,37
"SYC",2017,78.8888666666667,37.5
"JOR",2020,77.7778333333333,35
"GHA",2018,77.7778,38.5
"GHA",2019,77.7778,38.5
"HND",2016,77.7778,39.5
"IND",2015,77.7778,38.5
"IND",2018,77.7778,38.5
"JAM",2015,77.7778,38.5
"MWI",2017,77.7778,41
"MWI",2018,77.7778,38.5
"POL",2016,77.7778,39.5
"POL",2017,77.7778,41
"ROU",2016,77.7778,39.5
"RWA",2017,77.7778,41
"TJK",2017,77.7778,41
"TUR",2016,77.7778,39.5
"TUR",2018,77.7778,38.5
"UKR",2017,77.7778,41
"UKR",2018,77.7778,38.5
"URY",2018,77.7778,38.5
"URY",2019,77.7778,38.5
"PSE",2020,77.7778,36
"ALB",2005,77.7777777777778,36.5
"ALB",2009,77.7777777777778,36.5
"ARM",2004,77.7777777777778,29.5
"BTN",2011,77.7777777777778,34.5
"CRI",2007,77.7777777777778,37
"CRI",2012,77.7777777777778,33.5
"CRI",2013,77.7777777777778,33.5
"CRI",2014,77.7777777777778,39.5
"EGY",2004,77.7777777777778,29.5
"SLV",2008,77.7777777777778,37
"GTM",2005,77.7777777777778,36.5
"IND",2005,77.7777777777778,36.5
"JAM",2005,77.7777777777778,36.5
"MWI",2011,77.7777777777778,34.5
"MNG",2011,77.7777777777778,34.5
"MNG",2012,77.7777777777778,33.5
"MAR",2010,77.7777777777778,38
"MOZ",2012,77.7777777777778,33.5
"MOZ",2013,77.7777777777778,33.5
"MKD",2005,77.7777777777778,36.5
"PHL",2014,77.7777777777778,39.5
"SEN",2007,77.7777777777778,37
"LKA",2007,77.7777777777778,37
"TJK",2009,77.7777777777778,36.5
"TUN",2005,77.7777777777778,36.5
"TUN",2011,77.7777777777778,34.5
"VEN",2012,77.7777777777778,33.5
"AZE",2018,77.7777666666667,42
"JAM",2016,77.7777666666667,42.5
"MYS",2016,77.7777666666667,42.5
"TUN",2015,76.6667333333333,40
"BGD",2015,76.6667,41.5
"HND",2015,76.6667,41.5
"IND",2020,76.6667,37.5
"MYS",2020,76.6667,37.5
"MNE",2017,76.6667,44
"MNE",2018,76.6667,43
"TUN",2016,76.6667,44
"ALB",2004,76.6666666666667,33
"ALB",2008,76.6666666666667,39
"ARG",2013,76.6666666666667,36
"AZE",2004,76.6666666666667,33
"AZE",2011,76.6666666666667,39
"AZE",2019,76.6666666666667,40.5
"BOL",2014,76.6666666666667,42
"BRA",2016,76.6666666666667,45
"KHM",2014,76.6666666666667,42
"KHM",2015,76.6666666666667,43
"CRI",2008,76.6666666666667,39
"CRI",2009,76.6666666666667,39
"CRI",2010,76.6666666666667,40.5
"CRI",2011,76.6666666666667,39
"DOM",2018,76.6666666666667,44
"GEO",2004,76.6666666666667,33
"GTM",2013,76.6666666666667,36
"IND",2011,76.6666666666667,39
"JAM",2004,76.6666666666667,33
"JAM",2006,76.6666666666667,36.5
"JAM",2007,76.6666666666667,40.5
"JOR",2010,76.6666666666667,40.5
"MYS",2011,76.6666666666667,39
"MEX",2008,76.6666666666667,39
"NIC",2006,76.6666666666667,36.5
"NIC",2007,76.6666666666667,40.5
"MKD",2004,76.6666666666667,33
"PAK",2010,76.6666666666667,40.5
"PAN",2007,76.6666666666667,40.5
"PAN",2009,76.6666666666667,39
"RUS",2006,76.6666666666667,36.5
"RWA",2012,76.6666666666667,36
"SEN",2005,76.6666666666667,40.5
"SEN",2017,76.6666666666667,45
"ZAF",2013,76.6666666666667,36
"LKA",2005,76.6666666666667,40.5
"LKA",2010,76.6666666666667,40.5
"LKA",2011,76.6666666666667,39
"TUN",2006,76.6666666666667,36.5
"TUN",2007,76.6666666666667,40.5
"TUN",2009,76.6666666666667,39
"VNM",2014,76.6666666666667,42
"PSE",2019,76.6666666666667,40.5
"MAR",2017,76.6666333333333,46
"JOR",2017,75.5556,47
"TZA",2015,75.5556,44
"AZE",2016,75.5555666666667,47
"IND",2019,75.5555666666667,42.5
"IRN",2017,75.5555666666667,49
"IRN",2020,75.5555666666667,39
"MWI",2015,75.5555666666667,46
"PAK",2015,75.5555666666667,46
"PAK",2016,75.5555666666667,47
"PAK",2017,75.5555666666667,49
"SEN",2015,75.5555666666667,46
"SEN",2016,75.5555666666667,47
"ZAF",2017,75.5555666666667,49
"ZAF",2018,75.5555666666667,45
"ZAF",2019,75.5555666666667,42.5
"ALB",2014,75.5555555555556,46
"BGD",2006,75.5555555555556,40.5
"BGD",2007,75.5555555555556,44
"BTN",2010,75.5555555555556,44
"BTN",2013,75.5555555555556,40.5
"BRA",2013,75.5555555555556,40.5
"BRA",2014,75.5555555555556,46
"COL",2006,75.5555555555556,40.5
"CRI",2005,75.5555555555556,43
"CIV",2006,75.5555555555556,40.5
"DOM",2013,75.5555555555556,40.5
"HND",2010,75.5555555555556,44
"HND",2011,75.5555555555556,43
"IND",2009,75.5555555555556,42.5
"IND",2012,75.5555555555556,38.5
"JOR",2012,75.5555555555556,38.5
"MWI",2007,75.5555555555556,44
"MWI",2014,75.5555555555556,46
"MYS",2004,75.5555555555556,37.5
"MUS",2013,75.5555555555556,40.5
"MNG",2009,75.5555555555556,42.5
"MNE",2014,75.5555555555556,46
"MAR",2011,75.5555555555556,43
"NPL",2005,75.5555555555556,43
"NIC",2010,75.5555555555556,44
"MKD",2009,75.5555555555556,42.5
"PAN",2004,75.5555555555556,37.5
"PAN",2005,75.5555555555556,43
"PAN",2006,75.5555555555556,40.5
"PAN",2012,75.5555555555556,38.5
"PAN",2013,75.5555555555556,40.5
"RUS",2004,75.5555555555556,37.5
"LKA",2004,75.5555555555556,37.5
"LKA",2009,75.5555555555556,42.5
"TJK",2011,75.5555555555556,43
"TJK",2012,75.5555555555556,38.5
"TJK",2013,75.5555555555556,40.5
"TJK",2014,75.5555555555556,46
"TTO",2007,75.5555555555556,44
"TTO",2008,75.5555555555556,41
"SYC",2018,75.5555333333333,46
"SRB",2009,75.5533333333333,45
"SRB",2010,75.5533333333333,46
"BFA",2016,74.4444666666667,49.5
"JOR",2015,74.4444666666667,48
"MWI",2016,74.4444666666667,49.5
"MMR",2019,74.4444666666667,44
"MMR",2020,74.4444666666667,40.5
"PAK",2018,74.4444666666667,47
"UGA",2017,74.4444666666667,51
"VNM",2020,74.4444666666667,40.5
"AZE",2012,74.4444444444444,43.5
"AZE",2013,74.4444444444444,45
"BTN",2012,74.4444444444444,43.5
"CPV",2007,74.4444444444444,47.5
"KHM",2009,74.4444444444444,47
"SLV",2005,74.4444444444444,45.5
"SLV",2006,74.4444444444444,43.5
"SLV",2007,74.4444444444444,47.5
"JAM",2010,74.4444444444444,48
"JOR",2009,74.4444444444444,47
"JOR",2011,74.4444444444444,46
"JOR",2013,74.4444444444444,45
"JOR",2014,74.4444444444444,51
"MWI",2012,74.4444444444444,43.5
"MYS",2014,74.4444444444444,51
"MEX",2004,74.4444444444444,40.5
"MDA",2004,74.4444444444444,40.5
"MNG",2010,74.4444444444444,48
"MOZ",2014,74.4444444444444,51
"NPL",2007,74.4444444444444,47.5
"NGA",2012,74.4444444444444,43.5
"MKD",2006,74.4444444444444,43.5
"MKD",2007,74.4444444444444,47.5
"PAK",2011,74.4444444444444,46
"PAK",2014,74.4444444444444,51
"PAN",2011,74.4444444444444,46
"RWA",2009,74.4444444444444,47
"ZAF",2014,74.4444444444444,51
"LKA",2008,74.4444444444444,42.5
"TJK",2005,74.4444444444444,45.5
"TJK",2010,74.4444444444444,48
"TUN",2008,74.4444444444444,42.5
"TUN",2012,74.4444444444444,43.5
"VNM",2013,74.4444444444444,45
"PSE",2012,74.4444444444444,43.5
"SLV",2004,74.4444433333333,42
"BGD",2016,74.4444333333333,51
"BRA",2017,74.4444333333333,52
"MYS",2015,74.4444333333333,49.5
"MNG",2015,74.4444333333333,49.5
"NPL",2018,74.4444333333333,48
"NPL",2019,74.4444333333333,45.5
"TGO",2019,74.4444333333333,45.5
"BEN",2016,73.3333666666667,53
"BEN",2017,73.3333666666667,53.5
"BFA",2017,73.3333666666667,53.5
"PAN",2016,73.3333666666667,53
"RWA",2015,73.3333666666667,51
"TZA",2016,73.3333666666667,53
"ALB",2012,73.3333333333333,47
"BTN",2009,73.3333333333333,50
"CPV",2006,73.3333333333333,47
"CPV",2008,73.3333333333333,46
"CPV",2010,73.3333333333333,51
"KHM",2010,73.3333333333333,51
"KHM",2011,73.3333333333333,50
"ETH",2011,73.3333333333333,50
"GTM",2020,73.3333333333333,42.5
"HND",2009,73.3333333333333,50
"HND",2014,73.3333333333333,55.5
"IND",2013,73.3333333333333,49
"IRN",2006,73.3333333333333,47
"IRN",2014,73.3333333333333,55.5
"IRN",2015,73.3333333333333,52.5
"JOR",2008,73.3333333333333,46
"LAO",2014,73.3333333333333,55.5
"LSO",2013,73.3333333333333,49
"MWI",2008,73.3333333333333,46
"MWI",2009,73.3333333333333,50
"MWI",2019,73.3333333333333,48
"MUS",2011,73.3333333333333,50
"MAR",2018,73.3333333333333,50.5
"NPL",2017,73.3333333333333,55
"NGA",2011,73.3333333333333,50
"PAK",2004,73.3333333333333,43
"PAN",2008,73.3333333333333,46
"PAN",2019,73.3333333333333,48
"RWA",2013,73.3333333333333,49
"RWA",2020,73.3333333333333,42.5
"SEN",2006,73.3333333333333,47
"SEN",2010,73.3333333333333,51
"SEN",2014,73.3333333333333,55.5
"LKA",2006,73.3333333333333,47
"LKA",2015,73.3333333333333,52.5
"SUR",2011,73.3333333333333,50
"TJK",2008,73.3333333333333,46
"TJK",2018,73.3333333333333,50.5
"TJK",2019,73.3333333333333,48
"TGO",2018,73.3333333333333,50.5
"TTO",2006,73.3333333333333,47
"TUN",2013,73.3333333333333,49
"UGA",2013,73.3333333333333,49
"PSE",2018,73.3333333333333,50.5
"BIH",2016,72.2222666666667,55
"ECU",2015,72.2222666666667,54.5
"UGA",2015,72.2222666666667,54.5
"ALB",2015,72.2222333333333,59
"BRA",2015,72.2222333333333,59
"DOM",2020,72.2222333333333,46
"GTM",2015,72.2222333333333,59
"MNE",2015,72.2222333333333,59
"MNE",2016,72.2222333333333,56
"MOZ",2015,72.2222333333333,59
"NPL",2015,72.2222333333333,59
"NPL",2020,72.2222333333333,46
"NER",2017,72.2222333333333,56.5
"MKD",2020,72.2222333333333,46
"PAK",2020,72.2222333333333,46
"PRY",2015,72.2222333333333,59
"SUR",2017,72.2222333333333,56.5
"TJK",2020,72.2222333333333,46
"BGD",2005,72.2222222222222,48.5
"BOL",2013,72.2222222222222,54.5
"BIH",2014,72.2222222222222,60
"BWA",2004,72.2222222222222,46
"BWA",2005,72.2222222222222,48.5
"KHM",2007,72.2222222222222,50.5
"KHM",2008,72.2222222222222,50
"IRN",2005,72.2222222222222,48.5
"LAO",2013,72.2222222222222,54.5
"LSO",2012,72.2222222222222,49.5
"LSO",2014,72.2222222222222,60
"MEX",2005,72.2222222222222,48.5
"MNG",2004,72.2222222222222,46
"MNE",2013,72.2222222222222,54.5
"MAR",2012,72.2222222222222,49.5
"MOZ",2009,72.2222222222222,52.5
"MOZ",2010,72.2222222222222,53
"MOZ",2011,72.2222222222222,53.5
"NPL",2004,72.2222222222222,46
"NIC",2009,72.2222222222222,52.5
"NER",2013,72.2222222222222,54.5
"NGA",2013,72.2222222222222,54.5
"NGA",2014,72.2222222222222,60
"SEN",2008,72.2222222222222,50
"ZAF",2012,72.2222222222222,49.5
"TJK",2004,72.2222222222222,46
"TJK",2007,72.2222222222222,50.5
"TZA",2011,72.2222222222222,53.5
"TZA",2012,72.2222222222222,49.5
"TZA",2013,72.2222222222222,54.5
"TZA",2014,72.2222222222222,60
"TUN",2004,72.2222222222222,46
"TUN",2014,72.2222222222222,60
"VNM",2006,72.2222222222222,50
"VNM",2008,72.2222222222222,50
"SYC",2019,72.2222,50.5
"SYC",2020,72.2222,49.5
"UKR",2019,72.2222,50.5
"UKR",2020,72.2222,49.5
"BIH",2018,71.1111333333333,55
"CIV",2020,71.1111333333333,53
"ECU",2016,71.1111333333333,58
"SWZ",2020,71.1111333333333,53
"GMB",2019,71.1111333333333,53.5
"GHA",2020,71.1111333333333,53
"GTM",2018,71.1111333333333,55
"HND",2017,71.1111333333333,58
"JOR",2016,71.1111333333333,58
"LAO",2015,71.1111333333333,63.5
"LAO",2018,71.1111333333333,55
"NER",2015,71.1111333333333,63.5
"NER",2016,71.1111333333333,58
"PAK",2019,71.1111333333333,53.5
"SUR",2018,71.1111333333333,55
"SUR",2019,71.1111333333333,53.5
"TLS",2020,71.1111333333333,53
"TUN",2019,71.1111333333333,53.5
"UGA",2018,71.1111333333333,55
"UGA",2020,71.1111333333333,53
"BFA",2012,71.1111111111111,54
"BFA",2014,71.1111111111111,64
"KHM",2006,71.1111111111111,52.5
"CIV",2007,71.1111111111111,53.5
"DOM",2004,71.1111111111111,50
"ECU",2012,71.1111111111111,54
"FJI",2013,71.1111111111111,59.5
"FJI",2014,71.1111111111111,64
"IRN",2010,71.1111111111111,55
"JAM",2008,71.1111111111111,52.5
"JAM",2009,71.1111111111111,54.5
"JOR",2005,71.1111111111111,53
"JOR",2006,71.1111111111111,52.5
"JOR",2007,71.1111111111111,53.5
"LSO",2004,71.1111111111111,50
"LSO",2005,71.1111111111111,53
"MYS",2013,71.1111111111111,59.5
"MDV",2005,71.1111111111111,53
"MDV",2006,71.1111111111111,52.5
"MDV",2012,71.1111111111111,54
"MUS",2008,71.1111111111111,52.5
"NIC",2011,71.1111111111111,56.5
"NER",2011,71.1111111111111,56.5
"PAK",2012,71.1111111111111,54
"PRY",2009,71.1111111111111,54.5
"PRY",2013,71.1111111111111,59.5
"PRY",2014,71.1111111111111,64
"SEN",2013,71.1111111111111,59.5
"SUR",2010,71.1111111111111,55
"TJK",2006,71.1111111111111,52.5
"TTO",2005,71.1111111111111,53
"TTO",2010,71.1111111111111,55
"TTO",2011,71.1111111111111,56.5
"UGA",2007,71.1111111111111,53.5
"VNM",2004,71.1111111111111,50
"VNM",2005,71.1111111111111,53
"VNM",2007,71.1111111111111,53.5
"VNM",2011,71.1111111111111,56.5
"VNM",2012,71.1111111111111,54
"CPV",2018,71.1111,59
"SWZ",2018,71.1111,59
"GTM",2016,71.1111,60.5
"JAM",2017,71.1111,59.5
"MOZ",2016,71.1111,60.5
"NGA",2015,71.1111,65
"SDN",2018,71.1111,59
"SDN",2019,71.1111,56
"TZA",2017,71.1111,59.5
"BGD",2017,70.0000333333333,62
"CMR",2017,70.0000333333333,62
"CIV",2019,70.0000333333333,57
"ETH",2016,70.0000333333333,63.5
"ETH",2017,70.0000333333333,62
"GMB",2020,70.0000333333333,56
"NPL",2016,70.0000333333333,63.5
"PRY",2016,70.0000333333333,63.5
"RWA",2016,70.0000333333333,63.5
"ALB",2010,70,59
"ALB",2011,70,61.5
"AZE",2014,70,67
"BGD",2004,70,52.5
"BOL",2005,70,57.5
"BOL",2009,70,58
"BOL",2011,70,61.5
"BFA",2013,70,65.5
"CPV",2009,70,58
"CPV",2011,70,61.5
"KHM",2013,70,65.5
"CHN",2012,70,60
"CHN",2013,70,65.5
"CHN",2014,70,67
"CHN",2015,70,66.5
"DOM",2005,70,57.5
"DOM",2019,70,58
"ECU",2013,70,65.5
"ECU",2014,70,67
"ECU",2018,70,61
"FJI",2011,70,61.5
"FJI",2012,70,60
"FJI",2017,70,65
"GMB",2013,70,65.5
"HND",2008,70,54.5
"IRN",2012,70,60
"IRN",2013,70,65.5
"LAO",2005,70,57.5
"LAO",2006,70,56.5
"LAO",2010,70,59
"LAO",2012,70,60
"LSO",2006,70,56.5
"MWI",2020,70,57
"MYS",2012,70,60
"MUS",2004,70,52.5
"MUS",2009,70,58
"MUS",2010,70,59
"MEX",2007,70,56
"MOZ",2005,70,57.5
"MOZ",2006,70,56.5
"NIC",2008,70,54.5
"NIC",2015,70,66.5
"NIC",2016,70,66.5
"NER",2012,70,60
"PRY",2010,70,59
"PRY",2011,70,61.5
"PRY",2012,70,60
"STP",2013,70,65.5
"STP",2017,70,65
"SEN",2009,70,58
"SUR",2009,70,58
"TGO",2017,70,65
"TTO",2013,70,65.5
"UGA",2006,70,56.5
"UGA",2010,70,59
"UGA",2011,70,61.5
"PSE",2016,70,66.5
"SYC",2016,69.9999666666667,68
"BEN",2019,68.8889333333333,59
"UGA",2016,68.8889333333333,69
"BTN",2015,68.8889,68.5
"BTN",2016,68.8889,72
"BOL",2016,68.8889,72
"BFA",2018,68.8889,63
"CMR",2016,68.8889,72
"ECU",2017,68.8889,69.5
"ETH",2015,68.8889,68.5
"GMB",2018,68.8889,63
"GHA",2016,68.8889,72
"GHA",2017,68.8889,69.5
"MOZ",2017,68.8889,69.5
"NIC",2017,68.8889,69.5
"NER",2020,68.8889,58
"PAN",2017,68.8889,69.5
"PAN",2018,68.8889,63
"TGO",2016,68.8889,72
"VEN",2017,68.8889,69.5
"ALB",2013,68.8888888888889,71
"BGD",2010,68.8888888888889,62.5
"BGD",2011,68.8888888888889,66
"BOL",2004,68.8888888888889,55
"BIH",2012,68.8888888888889,65.5
"BIH",2013,68.8888888888889,71
"CPV",2005,68.8888888888889,60.5
"CPV",2012,68.8888888888889,65.5
"CPV",2014,68.8888888888889,70
"CHN",2011,68.8888888888889,66
"GTM",2014,68.8888888888889,70
"HND",2012,68.8888888888889,65.5
"IRN",2011,68.8888888888889,66
"JOR",2004,68.8888888888889,55
"LAO",2004,68.8888888888889,55
"LAO",2007,68.8888888888889,58
"MDV",2008,68.8888888888889,56.5
"MDV",2013,68.8888888888889,71
"MLI",2006,68.8888888888889,60
"MEX",2006,68.8888888888889,60
"MOZ",2007,68.8888888888889,58
"MOZ",2008,68.8888888888889,56.5
"NIC",2012,68.8888888888889,65.5
"NER",2006,68.8888888888889,60
"NER",2007,68.8888888888889,58
"NGA",2010,68.8888888888889,62.5
"STP",2014,68.8888888888889,70
"UGA",2005,68.8888888888889,60.5
"CPV",2016,68.8888666666667,75
"SRB",2007,68.8866666666667,60
"SRB",2008,68.8866666666667,58
"AZE",2015,67.7778,71
"BIH",2015,67.7778,71
"BFA",2015,67.7778,71
"BFA",2020,67.7778,60
"BDI",2019,67.7778,63.5
"GTM",2019,67.7778,63.5
"LAO",2017,67.7778,73
"LAO",2019,67.7778,63.5
"LSO",2019,67.7778,63.5
"LSO",2020,67.7778,60
"MLI",2019,67.7778,63.5
"NER",2018,67.7778,65.5
"NER",2019,67.7778,63.5
"TLS",2018,67.7778,65.5
"TLS",2019,67.7778,63.5
"TGO",2020,67.7778,60
"UGA",2019,67.7778,63.5
"BOL",2006,67.7777777777778,63
"BOL",2007,67.7777777777778,62.5
"BOL",2012,67.7777777777778,71
"BIH",2011,67.7777777777778,70.5
"BFA",2004,67.7777777777778,58.5
"KHM",2005,67.7777777777778,63
"KHM",2012,67.7777777777778,71
"CIV",2011,67.7777777777778,70.5
"DOM",2008,67.7777777777778,61
"DOM",2009,67.7777777777778,63
"DOM",2010,67.7777777777778,67
"DOM",2011,67.7777777777778,70.5
"DOM",2012,67.7777777777778,71
"SWZ",2010,67.7777777777778,67
"ETH",2005,67.7777777777778,63
"ETH",2007,67.7777777777778,62.5
"GMB",2010,67.7777777777778,67
"GMB",2012,67.7777777777778,71
"LAO",2008,67.7777777777778,61
"LAO",2009,67.7777777777778,63
"MDG",2008,67.7777777777778,61
"MDG",2009,67.7777777777778,63
"MDG",2010,67.7777777777778,67
"MWI",2004,67.7777777777778,58.5
"MWI",2006,67.7777777777778,63
"MLI",2007,67.7777777777778,62.5
"MLI",2013,67.7777777777778,73.5
"MUS",2005,67.7777777777778,63
"MUS",2006,67.7777777777778,63
"MUS",2007,67.7777777777778,62.5
"MNE",2011,67.7777777777778,70.5
"MNE",2012,67.7777777777778,71
"MOZ",2004,67.7777777777778,58.5
"NPL",2008,67.7777777777778,61
"NPL",2009,67.7777777777778,63
"NER",2010,67.7777777777778,67
"NER",2014,67.7777777777778,72
"NGA",2008,67.7777777777778,61
"PAK",2013,67.7777777777778,73.5
"RWA",2010,67.7777777777778,67
"RWA",2011,67.7777777777778,70.5
"TZA",2004,67.7777777777778,58.5
"TZA",2010,67.7777777777778,67
"TTO",2009,67.7777777777778,63
"TTO",2012,67.7777777777778,71
"UGA",2012,67.7777777777778,71
"PSE",2011,67.7777777777778,70.5
"BOL",2017,67.7777666666667,75
"CPV",2017,67.7777666666667,75
"CIV",2016,67.7777666666667,76.5
"NGA",2016,67.7777666666667,76.5
"PRY",2017,67.7777666666667,75
"UZB",2020,67.7777666666667,62
"BTN",2018,66.6667,68.5
"CIV",2018,66.6667,68.5
"HND",2018,66.6667,68.5
"MRT",2015,66.6667,73
"TZA",2018,66.6667,68.5
"BGD",2008,66.6666666666667,66
"BLZ",2005,66.6666666666667,65.5
"BEN",2013,66.6666666666667,76
"BEN",2015,66.6666666666667,74.5
"BOL",2008,66.6666666666667,66
"BOL",2010,66.6666666666667,71.5
"BOL",2018,66.6666666666667,71
"BOL",2019,66.6666666666667,69.5
"BOL",2020,66.6666666666667,63.5
"BFA",2005,66.6666666666667,65.5
"BFA",2006,66.6666666666667,65.5
"CPV",2015,66.6666666666667,74.5
"KHM",2016,66.6666666666667,78.5
"CMR",2008,66.6666666666667,66
"CMR",2010,66.6666666666667,71.5
"CIV",2017,66.6666666666667,77.5
"DOM",2007,66.6666666666667,66
"ECU",2019,66.6666666666667,69.5
"SWZ",2006,66.6666666666667,65.5
"SWZ",2019,66.6666666666667,69.5
"ETH",2004,66.6666666666667,61.5
"ETH",2013,66.6666666666667,76
"GMB",2014,66.6666666666667,74.5
"GIN",2004,66.6666666666667,61.5
"HND",2007,66.6666666666667,66
"LBN",2012,66.6666666666667,76
"LBN",2013,66.6666666666667,76
"MDG",2011,66.6666666666667,75
"MDV",2011,66.6666666666667,75
"MDV",2014,66.6666666666667,74.5
"MLI",2012,66.6666666666667,76
"MLI",2014,66.6666666666667,74.5
"MAR",2019,66.6666666666667,69.5
"MAR",2020,66.6666666666667,63.5
"NPL",2012,66.6666666666667,76
"NGA",2009,66.6666666666667,66
"PRY",2008,66.6666666666667,66
"RWA",2007,66.6666666666667,66
"RWA",2008,66.6666666666667,66
"SEN",2011,66.6666666666667,75
"LCA",2014,66.6666666666667,74.5
"SDN",2017,66.6666666666667,77.5
"TLS",2016,66.6666666666667,78.5
"LBN",2017,66.6666333333333,79
"SEN",2020,66.6666333333333,65
"BTN",2017,65.5556,80
"TCD",2015,65.5556,76.5
"LSO",2015,65.5556,76.5
"BIH",2017,65.5555666666667,81.5
"CPV",2020,65.5555666666667,67
"ECU",2020,65.5555666666667,67
"FJI",2018,65.5555666666667,73
"GMB",2015,65.5555666666667,80
"GHA",2015,65.5555666666667,80
"LSO",2018,65.5555666666667,73
"MLI",2015,65.5555666666667,80
"MLI",2016,65.5555666666667,80.5
"MLI",2017,65.5555666666667,81.5
"PRY",2019,65.5555666666667,72.5
"PRY",2020,65.5555666666667,67
"RWA",2018,65.5555666666667,73
"RWA",2019,65.5555666666667,72.5
"STP",2015,65.5555666666667,80
"SUR",2016,65.5555666666667,80.5
"TGO",2015,65.5555666666667,80
"CHN",2010,65.5555566666667,73
"BGD",2009,65.5555555555556,69
"BGD",2012,65.5555555555556,79
"BGD",2013,65.5555555555556,79.5
"BLZ",2006,65.5555555555556,67.5
"BEN",2014,65.5555555555556,78
"BFA",2011,65.5555555555556,78
"CPV",2013,65.5555555555556,79.5
"SWZ",2004,65.5555555555556,63.5
"SWZ",2005,65.5555555555556,67.5
"SWZ",2012,65.5555555555556,79
"ETH",2012,65.5555555555556,79
"GHA",2010,65.5555555555556,75
"LAO",2011,65.5555555555556,78
"LSO",2010,65.5555555555556,75
"LSO",2011,65.5555555555556,78
"MDG",2006,65.5555555555556,67.5
"MDG",2007,65.5555555555556,69
"MDV",2010,65.5555555555556,75
"MRT",2009,65.5555555555556,69
"NPL",2014,65.5555555555556,78
"NIC",2013,65.5555555555556,79.5
"NIC",2014,65.5555555555556,78
"NER",2005,65.5555555555556,67.5
"PRY",2007,65.5555555555556,69
"STP",2009,65.5555555555556,69
"SYC",2008,65.5555555555556,70
"SYC",2009,65.5555555555556,69
"SYC",2013,65.5555555555556,79.5
"TZA",2008,65.5555555555556,70
"UGA",2008,65.5555555555556,70
"VNM",2009,65.5555555555556,69
"YEM",2007,65.5555555555556,69
"ZMB",2004,65.5555555555556,63.5
"LBN",2015,65.5555333333333,83.5
"MMR",2018,65.5555333333333,75
"SYC",2015,65.5555333333333,83.5
"MOZ",2018,64.4445,76
"MOZ",2019,64.4445,74
"BIH",2019,64.4444666666667,75
"LAO",2016,64.4444666666667,82
"BWA",2008,64.4444444444444,73
"BFA",2007,64.4444444444444,72
"KHM",2004,64.4444444444444,67
"CMR",2011,64.4444444444444,81
"TCD",2012,64.4444444444444,82
"CHN",2004,64.4444444444444,67
"CHN",2005,64.4444444444444,69.5
"DOM",2006,64.4444444444444,70.5
"SWZ",2009,64.4444444444444,72
"SWZ",2011,64.4444444444444,81
"ETH",2006,64.4444444444444,70.5
"GMB",2006,64.4444444444444,70.5
"GMB",2011,64.4444444444444,81
"IRN",2004,64.4444444444444,67
"KEN",2004,64.4444444444444,67
"KEN",2008,64.4444444444444,73
"MDG",2012,64.4444444444444,82
"MWI",2005,64.4444444444444,69.5
"MDV",2007,64.4444444444444,72
"NPL",2010,64.4444444444444,77.5
"NER",2004,64.4444444444444,67
"RWA",2006,64.4444444444444,70.5
"SYC",2007,64.4444444444444,72
"SUR",2012,64.4444444444444,82
"TLS",2014,64.4444444444444,81
"TGO",2014,64.4444444444444,81
"UGA",2014,64.4444444444444,81
"VNM",2010,64.4444444444444,77.5
"YEM",2008,64.4444444444444,73
"CPV",2019,64.4444333333333,77
"GMB",2016,64.4444333333333,83.5
"MDV",2019,64.4444333333333,77
"PRY",2018,64.4444333333333,77
"LCA",2016,64.4444333333333,83.5
"TLS",2017,64.4444333333333,83
"UZB",2019,64.4444333333333,77
"MMR",2017,64.4444,84
"SRB",2006,64.4433333333333,73
"BEN",2018,63.3333666666667,78
"BTN",2019,63.3333666666667,79
"BDI",2017,63.3333666666667,85
"SLE",2015,63.3333666666667,85
"SLE",2016,63.3333666666667,85.5
"SDN",2016,63.3333666666667,85.5
"DZA",2005,63.3333333333333,72.5
"DZA",2006,63.3333333333333,74.5
"BLZ",2018,63.3333333333333,80
"BLZ",2019,63.3333333333333,80.5
"BTN",2008,63.3333333333333,76
"BWA",2011,63.3333333333333,85
"BWA",2012,63.3333333333333,86.5
"BFA",2008,63.3333333333333,76
"KHM",2017,63.3333333333333,87
"CMR",2006,63.3333333333333,74.5
"CMR",2007,63.3333333333333,74.5
"CMR",2009,63.3333333333333,74
"TCD",2013,63.3333333333333,84
"TCD",2014,63.3333333333333,83.5
"CIV",2008,63.3333333333333,76
"CIV",2012,63.3333333333333,86.5
"GMB",2004,63.3333333333333,71
"GMB",2017,63.3333333333333,87
"LBN",2011,63.3333333333333,85
"LBN",2016,63.3333333333333,87
"MDG",2004,63.3333333333333,71
"MDG",2005,63.3333333333333,72.5
"MDG",2013,63.3333333333333,84
"MDV",2020,63.3333333333333,69.5
"MLI",2009,63.3333333333333,74
"MLI",2010,63.3333333333333,79
"MLI",2011,63.3333333333333,85
"MRT",2011,63.3333333333333,85
"NPL",2011,63.3333333333333,85
"NGA",2017,63.3333333333333,87
"NGA",2018,63.3333333333333,80
"RWA",2005,63.3333333333333,72.5
"STP",2012,63.3333333333333,86.5
"STP",2018,63.3333333333333,80
"STP",2019,63.3333333333333,80.5
"SEN",2012,63.3333333333333,86.5
"SYC",2012,63.3333333333333,86.5
"KNA",2007,63.3333333333333,74.5
"LCA",2012,63.3333333333333,86.5
"LCA",2013,63.3333333333333,84
"SUR",2013,63.3333333333333,84
"SUR",2014,63.3333333333333,83.5
"TZA",2005,63.3333333333333,72.5
"TZA",2009,63.3333333333333,74
"TZA",2020,63.3333333333333,69.5
"TGO",2013,63.3333333333333,84
"TTO",2004,63.3333333333333,71
"MDV",2018,63.3333,82
"BEN",2020,62.2222666666667,71.5
"MOZ",2020,62.2222666666667,71.5
"SUR",2015,62.2222666666667,86
"BGD",2018,62.2222333333333,83.5
"BGD",2019,62.2222333333333,83
"BLZ",2016,62.2222333333333,89
"BLZ",2017,62.2222333333333,90
"BFA",2019,62.2222333333333,83
"BDI",2016,62.2222333333333,89
"ETH",2018,62.2222333333333,83.5
"LAO",2020,62.2222333333333,73.5
"LSO",2017,62.2222333333333,90
"MDG",2016,62.2222333333333,89
"TZA",2019,62.2222333333333,83
"TLS",2015,62.2222333333333,87
"TUN",2017,62.2222333333333,90
"VEN",2020,62.2222333333333,73.5
"DZA",2011,62.2222222222222,88.5
"BLZ",2007,62.2222222222222,78
"BLZ",2009,62.2222222222222,79
"BTN",2006,62.2222222222222,78
"BIH",2010,62.2222222222222,81.5
"BWA",2006,62.2222222222222,78
"BWA",2007,62.2222222222222,78
"BFA",2010,62.2222222222222,81.5
"CHN",2009,62.2222222222222,79
"GMB",2007,62.2222222222222,78
"GMB",2008,62.2222222222222,78.5
"GMB",2009,62.2222222222222,79
"GHA",2011,62.2222222222222,88.5
"GHA",2013,62.2222222222222,87.5
"GHA",2014,62.2222222222222,87
"GIN",2005,62.2222222222222,76.5
"HND",2004,62.2222222222222,73
"HND",2013,62.2222222222222,87.5
"KEN",2007,62.2222222222222,78
"KEN",2009,62.2222222222222,79
"KEN",2010,62.2222222222222,81.5
"LBN",2014,62.2222222222222,87
"LSO",2009,62.2222222222222,79
"MDG",2014,62.2222222222222,87
"MRT",2010,62.2222222222222,81.5
"MMR",2005,62.2222222222222,76.5
"NER",2009,62.2222222222222,79
"PRY",2005,62.2222222222222,76.5
"PRY",2006,62.2222222222222,78
"SYC",2014,62.2222222222222,87
"VCT",2006,62.2222222222222,78
"VCT",2007,62.2222222222222,78
"SYR",2008,62.2222222222222,78.5
"TTO",2014,62.2222222222222,87
"UGA",2009,62.2222222222222,79
"YEM",2006,62.2222222222222,78
"ZMB",2005,62.2222222222222,76.5
"ZMB",2012,62.2222222222222,90
"JAM",2018,62.2222,85
"ZWE",2015,62.2222,88
"SRB",2005,62.22,79
"FJI",2015,61.1111333333333,89
"JAM",2019,61.1111333333333,85
"MRT",2018,61.1111333333333,86
"MRT",2020,61.1111333333333,75
"BLZ",2008,61.1111111111111,83.5
"BLZ",2010,61.1111111111111,85.5
"BWA",2009,61.1111111111111,85
"BDI",2009,61.1111111111111,85
"TCD",2005,61.1111111111111,82
"TCD",2006,61.1111111111111,83.5
"CHN",2007,61.1111111111111,83.5
"CHN",2008,61.1111111111111,83.5
"CIV",2009,61.1111111111111,85
"SWZ",2008,61.1111111111111,83.5
"ETH",2014,61.1111111111111,90
"GMB",2005,61.1111111111111,82
"GIN",2007,61.1111111111111,83.5
"KEN",2011,61.1111111111111,91.5
"LSO",2007,61.1111111111111,83.5
"LSO",2008,61.1111111111111,83.5
"MDV",2009,61.1111111111111,85
"MLI",2008,61.1111111111111,83.5
"MRT",2006,61.1111111111111,83.5
"MRT",2007,61.1111111111111,83.5
"MMR",2006,61.1111111111111,83.5
"NPL",2013,61.1111111111111,89
"NER",2008,61.1111111111111,83.5
"RWA",2004,61.1111111111111,74
"STP",2010,61.1111111111111,85.5
"STP",2011,61.1111111111111,91.5
"SYC",2005,61.1111111111111,82
"SYC",2006,61.1111111111111,83.5
"KNA",2008,61.1111111111111,83.5
"KNA",2009,61.1111111111111,85
"KNA",2010,61.1111111111111,85.5
"KNA",2011,61.1111111111111,91.5
"LCA",2007,61.1111111111111,83.5
"SYR",2005,61.1111111111111,82
"SYR",2006,61.1111111111111,83.5
"TZA",2006,61.1111111111111,83.5
"TZA",2007,61.1111111111111,83.5
"UZB",2008,61.1111111111111,83.5
"UZB",2010,61.1111111111111,85.5
"UZB",2011,61.1111111111111,91.5
"ZWE",2005,61.1111111111111,82
"DZA",2017,61.1111,92
"ETH",2019,61.1111,86
"PAN",2020,61.1111,76
"LCA",2015,61.1111,90
"TTO",2016,61.1111,91
"UZB",2018,61.1111,87
"LCA",2018,61.1110666666667,88
"BTN",2020,60.0000333333333,77.5
"LBR",2017,60.0000333333333,93
"WSM",2019,60.0000333333333,87
"STP",2016,60.0000333333333,92
"SLE",2020,60.0000333333333,77.5
"TUN",2018,60.0000333333333,89
"ZMB",2015,60.0000333333333,91
"DZA",2007,60,88.5
"BGD",2020,60,80.5
"BIH",2020,60,80.5
"BWA",2010,60,88.5
"BFA",2009,60,88
"KHM",2018,60,90
"KHM",2019,60,88.5
"KHM",2020,60,80.5
"CMR",2012,60,91
"TCD",2004,60,76
"DMA",2005,60,87
"DMA",2006,60,88
"SWZ",2007,60,88.5
"SWZ",2013,60,90.5
"SWZ",2014,60,91.5
"HND",2005,60,87
"MLI",2020,60,80.5
"MRT",2013,60,90.5
"MNE",2008,60,88.5
"MMR",2004,60,76
"NGA",2007,60,88.5
"STP",2007,60,88.5
"STP",2008,60,88.5
"KNA",2006,60,88
"LCA",2005,60,87
"LCA",2006,60,88
"LCA",2010,60,88.5
"LCA",2011,60,95
"VCT",2005,60,87
"VCT",2016,60,93
"VCT",2019,60,88.5
"SYR",2011,60,95
"UGA",2004,60,76
"UZB",2005,60,87
"ZMB",2011,60,95
"ZMB",2014,60,91.5
"ZWE",2017,59.9999666666667,94
"ZWE",2018,59.9999666666667,91
"MRT",2016,58.8889333333333,94.5
"NAM",2016,58.8889333333333,94.5
"BLZ",2020,58.8889,84
"CIV",2015,58.8889,93
"DJI",2019,58.8889,90.5
"SWZ",2015,58.8889,93
"SWZ",2017,58.8889,95.5
"GIN",2019,58.8889,90.5
"MDG",2015,58.8889,93
"NIC",2018,58.8889,92.5
"SLE",2017,58.8889,95.5
"TUN",2020,58.8889,84
"VEN",2018,58.8889,92.5
"ZWE",2020,58.8889,84
"DZA",2008,58.8888888888889,91.5
"DZA",2010,58.8888888888889,91.5
"DZA",2012,58.8888888888889,93.5
"ATG",2014,58.8888888888889,95
"BLZ",2012,58.8888888888889,93.5
"BEN",2011,58.8888888888889,98.5
"CAF",2014,58.8888888888889,95
"CIV",2010,58.8888888888889,91.5
"GHA",2008,58.8888888888889,91.5
"GHA",2009,58.8888888888889,90
"GHA",2012,58.8888888888889,93.5
"GIN",2011,58.8888888888889,98.5
"GUY",2011,58.8888888888889,98.5
"GUY",2013,58.8888888888889,92.5
"GUY",2014,58.8888888888889,95
"HND",2006,58.8888888888889,90.5
"KEN",2005,58.8888888888889,90.5
"KEN",2006,58.8888888888889,90.5
"MRT",2014,58.8888888888889,95
"NAM",2004,58.8888888888889,78.5
"NAM",2005,58.8888888888889,90.5
"NAM",2007,58.8888888888889,91.5
"PRY",2004,58.8888888888889,78.5
"SYC",2010,58.8888888888889,91.5
"SLE",2013,58.8888888888889,92.5
"SLE",2014,58.8888888888889,95
"TON",2009,58.8888888888889,90
"TON",2010,58.8888888888889,91.5
"TON",2011,58.8888888888889,98.5
"TON",2012,58.8888888888889,93.5
"VUT",2008,58.8888888888889,91.5
"ZMB",2007,58.8888888888889,91.5
"ZMB",2008,58.8888888888889,91.5
"ZMB",2009,58.8888888888889,90
"FJI",2016,58.8888666666667,96
"LCA",2019,58.8888666666667,92
"STP",2020,57.7778333333333,86
"AFG",2020,57.7778,88
"ATG",2015,57.7778,95
"ATG",2016,57.7778,98
"BDI",2018,57.7778,94.5
"FJI",2019,57.7778,93.5
"GUY",2016,57.7778,98
"KEN",2019,57.7778,93.5
"KEN",2020,57.7778,88
"LSO",2016,57.7778,98
"MLI",2018,57.7778,94.5
"WSM",2017,57.7778,97
"WSM",2020,57.7778,88
"DZA",2009,57.7777777777778,93
"BLZ",2013,57.7777777777778,95.5
"BEN",2007,57.7777777777778,95
"BEN",2012,57.7777777777778,98
"BTN",2005,57.7777777777778,92.5
"BTN",2007,57.7777777777778,95
"BIH",2009,57.7777777777778,93
"BDI",2013,57.7777777777778,95.5
"CAF",2012,57.7777777777778,98
"CAF",2013,57.7777777777778,95.5
"CHN",2006,57.7777777777778,93.5
"GIN",2006,57.7777777777778,93.5
"GIN",2010,57.7777777777778,95
"GIN",2012,57.7777777777778,98
"KEN",2012,57.7777777777778,98
"MLI",2005,57.7777777777778,92.5
"MRT",2008,57.7777777777778,95.5
"MNE",2007,57.7777777777778,95
"MNE",2010,57.7777777777778,95
"MMR",2007,57.7777777777778,95
"MMR",2008,57.7777777777778,95.5
"NAM",2011,57.7777777777778,101
"LCA",2008,57.7777777777778,95.5
"SYR",2004,57.7777777777778,81
"TON",2008,57.7777777777778,95.5
"UZB",2004,57.7777777777778,81
"UZB",2006,57.7777777777778,93.5
"UZB",2007,57.7777777777778,95
"UZB",2009,57.7777777777778,93
"UZB",2012,57.7777777777778,98
"UZB",2013,57.7777777777778,95.5
"ZMB",2010,57.7777777777778,95
"ZWE",2004,57.7777777777778,81
"ZWE",2006,57.7777777777778,93.5
"ZWE",2014,57.7777777777778,98
"BDI",2020,57.7777666666667,91.5
"COD",2015,57.7777666666667,96
"DJI",2020,57.7777666666667,91.5
"DMA",2016,57.7777666666667,100.5
"DMA",2017,57.7777666666667,99
"GRD",2019,57.7777666666667,96
"GNB",2019,57.7777666666667,96
"KEN",2017,57.7777666666667,99
"LBR",2016,57.7777666666667,100.5
"LBR",2018,57.7777666666667,96
"LBR",2020,57.7777666666667,91.5
"LCA",2017,57.7777666666667,99
"SUR",2020,57.7777666666667,91.5
"VEN",2019,57.7777666666667,96
"CMR",2018,56.6667,97.5
"CMR",2019,56.6667,98.5
"GUY",2015,56.6667,97
"HND",2019,56.6667,98.5
"MRT",2017,56.6667,101
"WSM",2018,56.6667,97.5
"BLZ",2011,56.6666666666667,103
"BEN",2005,56.6666666666667,95
"BEN",2008,56.6666666666667,99.5
"BEN",2009,56.6666666666667,97
"BIH",2008,56.6666666666667,99.5
"CMR",2013,56.6666666666667,99
"CMR",2014,56.6666666666667,99.5
"CAF",2011,56.6666666666667,103
"TCD",2010,56.6666666666667,98
"COM",2005,56.6666666666667,95
"COM",2008,56.6666666666667,99.5
"COD",2014,56.6666666666667,99.5
"CIV",2013,56.6666666666667,99
"FJI",2009,56.6666666666667,97
"FJI",2020,56.6666666666667,95
"GRD",2006,56.6666666666667,96.5
"GRD",2018,56.6666666666667,99.5
"HND",2020,56.6666666666667,95
"LBN",2010,56.6666666666667,98
"MDG",2017,56.6666666666667,103
"MRT",2012,56.6666666666667,102
"MNE",2009,56.6666666666667,97
"NAM",2006,56.6666666666667,96.5
"NAM",2008,56.6666666666667,99.5
"NAM",2012,56.6666666666667,102
"NAM",2017,56.6666666666667,103
"NGA",2019,56.6666666666667,100.5
"SYC",2011,56.6666666666667,103
"KNA",2015,56.6666666666667,98.5
"LCA",2009,56.6666666666667,97
"LCA",2020,56.6666666666667,95
"VCT",2017,56.6666666666667,103
"SYR",2007,56.6666666666667,98.5
"SYR",2010,56.6666666666667,98
"TGO",2012,56.6666666666667,102
"TON",2007,56.6666666666667,98.5
"TON",2018,56.6666666666667,99.5
"TON",2019,56.6666666666667,100.5
"TTO",2015,56.6666666666667,98.5
"VUT",2009,56.6666666666667,97
"YEM",2004,56.6666666666667,83
"YEM",2005,56.6666666666667,95
"ZMB",2013,56.6666666666667,99
"ZWE",2019,56.6666333333333,102
"MDG",2019,55.5556,103
"YEM",2015,55.5556,100
"DZA",2016,55.5555666666667,103
"BDI",2015,55.5555666666667,102
"CMR",2015,55.5555666666667,102
"SWZ",2016,55.5555666666667,103
"GIN",2016,55.5555666666667,103
"GIN",2018,55.5555666666667,102
"SLE",2018,55.5555666666667,102
"SLE",2019,55.5555666666667,104.5
"SLB",2020,55.5555666666667,97
"VCT",2015,55.5555666666667,102
"ZMB",2018,55.5555666666667,102
"ZMB",2019,55.5555666666667,104.5
"ATG",2013,55.5555555555556,101
"BLZ",2014,55.5555555555556,102.5
"BEN",2010,55.5555555555556,101
"BIH",2006,55.5555555555556,99.5
"BIH",2007,55.5555555555556,101.5
"CAF",2010,55.5555555555556,101
"COM",2006,55.5555555555556,99.5
"COM",2007,55.5555555555556,101.5
"DMA",2014,55.5555555555556,102.5
"GHA",2006,55.5555555555556,99.5
"GHA",2007,55.5555555555556,101.5
"GIN",2008,55.5555555555556,102.5
"GUY",2005,55.5555555555556,97.5
"GUY",2009,55.5555555555556,100.5
"GUY",2012,55.5555555555556,104
"MLI",2004,55.5555555555556,84.5
"MRT",2004,55.5555555555556,84.5
"WSM",2005,55.5555555555556,97.5
"VCT",2014,55.5555555555556,102.5
"SUR",2007,55.5555555555556,101.5
"SUR",2008,55.5555555555556,102.5
"TLS",2010,55.5555555555556,101
"YEM",2009,55.5555555555556,100.5
"YEM",2014,55.5555555555556,102.5
"ZMB",2006,55.5555555555556,99.5
"GUY",2017,55.5555333333333,105
"GUY",2018,55.5555333333333,104
"KEN",2016,55.5555333333333,106
"MDV",2015,55.5555333333333,104.5
"MMR",2015,55.5555333333333,104.5
"MMR",2016,55.5555333333333,106
"ZWE",2016,55.5555333333333,106
"TCD",2016,54.4445,108
"DJI",2017,54.4445,106
"MDG",2020,54.4445,98.5
"SDN",2020,54.4445,98.5
"ATG",2017,54.4444666666667,107
"BLZ",2015,54.4444666666667,106
"TCD",2020,54.4444666666667,100.5
"DJI",2018,54.4444666666667,105.5
"JAM",2020,54.4444666666667,100.5
"MRT",2019,54.4444666666667,106
"WSM",2016,54.4444666666667,109
"SLB",2018,54.4444666666667,105.5
"AFG",2014,54.4444444444444,106.5
"DZA",2004,54.4444444444444,86
"BEN",2006,54.4444444444444,102.5
"BWA",2013,54.4444444444444,103
"BDI",2010,54.4444444444444,104
"BDI",2011,54.4444444444444,106.5
"BDI",2014,54.4444444444444,106.5
"TCD",2011,54.4444444444444,106.5
"COG",2009,54.4444444444444,103.5
"COG",2010,54.4444444444444,104
"FJI",2006,54.4444444444444,102.5
"GIN",2009,54.4444444444444,103.5
"GUY",2007,54.4444444444444,104.5
"KEN",2014,54.4444444444444,106.5
"LBN",2008,54.4444444444444,104.5
"LBN",2009,54.4444444444444,103.5
"MRT",2005,54.4444444444444,99.5
"NAM",2013,54.4444444444444,103
"SLE",2012,54.4444444444444,105.5
"KNA",2005,54.4444444444444,99.5
"KNA",2012,54.4444444444444,105.5
"VCT",2008,54.4444444444444,104.5
"VCT",2010,54.4444444444444,104
"SYR",2009,54.4444444444444,103.5
"TGO",2007,54.4444444444444,104.5
"TGO",2011,54.4444444444444,106.5
"UZB",2014,54.4444444444444,106.5
"ZWE",2011,54.4444444444444,106.5
"ZWE",2013,54.4444444444444,103
"GRD",2020,54.4444333333333,102.5
"KEN",2015,54.4444333333333,107
"LBR",2019,54.4444333333333,107
"TON",2020,54.4444333333333,102.5
"DZA",2015,53.3333666666667,108.5
"DJI",2016,53.3333666666667,110.5
"NAM",2018,53.3333666666667,107
"WSM",2015,53.3333666666667,108.5
"ZMB",2016,53.3333666666667,110.5
"ZMB",2020,53.3333666666667,104
"AFG",2013,53.3333333333333,106.5
"BEN",2004,53.3333333333333,88
"TCD",2009,53.3333333333333,107.5
"COM",2009,53.3333333333333,107.5
"DMA",2007,53.3333333333333,106
"DMA",2008,53.3333333333333,107
"DMA",2009,53.3333333333333,107.5
"DMA",2012,53.3333333333333,108.5
"FJI",2005,53.3333333333333,102
"FJI",2008,53.3333333333333,107
"FJI",2010,53.3333333333333,106.5
"GHA",2005,53.3333333333333,102
"GRD",2017,53.3333333333333,108
"GIN",2015,53.3333333333333,110
"GUY",2008,53.3333333333333,107
"GUY",2010,53.3333333333333,106.5
"HTI",2020,53.3333333333333,105.5
"MHL",2012,53.3333333333333,108.5
"MHL",2013,53.3333333333333,106.5
"MNE",2004,53.3333333333333,88
"MNE",2006,53.3333333333333,104.5
"NGA",2020,53.3333333333333,105.5
"WSM",2009,53.3333333333333,107.5
"WSM",2013,53.3333333333333,106.5
"WSM",2014,53.3333333333333,109.5
"SRB",2004,53.3333333333333,88
"SLB",2014,53.3333333333333,109.5
"KNA",2016,53.3333333333333,112
"VCT",2011,53.3333333333333,109.5
"VCT",2012,53.3333333333333,108.5
"VCT",2018,53.3333333333333,108
"TLS",2013,53.3333333333333,106.5
"TGO",2006,53.3333333333333,104.5
"TON",2005,53.3333333333333,102
"VUT",2011,53.3333333333333,109.5
"ZWE",2012,53.3333333333333,108.5
"PNG",2018,53.3333,109
"MNE",2005,52.2233333333333,104
"CAF",2015,52.2222666666667,111
"DMA",2015,52.2222333333333,112.5
"GIN",2017,52.2222333333333,110
"IRQ",2015,52.2222333333333,112.5
"IRQ",2017,52.2222333333333,110
"KEN",2018,52.2222333333333,110
"ZMB",2017,52.2222333333333,110
"AFG",2010,52.2222222222222,109.5
"DZA",2014,52.2222222222222,112
"BIH",2005,52.2222222222222,105.5
"BDI",2012,52.2222222222222,111.5
"CAF",2009,52.2222222222222,110.5
"TCD",2007,52.2222222222222,108
"COG",2007,52.2222222222222,108
"COG",2013,52.2222222222222,110.5
"DJI",2006,52.2222222222222,108
"FJI",2007,52.2222222222222,108
"GRD",2005,52.2222222222222,105.5
"GIN",2013,52.2222222222222,110.5
"GIN",2014,52.2222222222222,112
"GUY",2006,52.2222222222222,108
"KEN",2013,52.2222222222222,110.5
"MMR",2010,52.2222222222222,109.5
"NAM",2010,52.2222222222222,109.5
"PNG",2006,52.2222222222222,108
"WSM",2006,52.2222222222222,108
"SLE",2009,52.2222222222222,110.5
"SLE",2010,52.2222222222222,109.5
"KNA",2014,52.2222222222222,112
"SYR",2012,52.2222222222222,111.5
"TLS",2011,52.2222222222222,111
"TGO",2004,52.2222222222222,90
"TON",2006,52.2222222222222,108
"YEM",2013,52.2222222222222,110.5
"DZA",2019,52.2222,108
"MDV",2017,52.2222,113.5
"SLB",2017,52.2222,113.5
"TON",2016,52.2222,113
"TON",2017,52.2222,113.5
"VUT",2017,52.2222,113.5
"PNG",2019,52.2221666666667,109
"PNG",2020,52.2221666666667,107
"TCD",2018,51.1111333333333,111
"COD",2016,51.1111333333333,114.5
"GRD",2015,51.1111333333333,114.5
"GRD",2016,51.1111333333333,114.5
"NAM",2020,51.1111333333333,108
"NIC",2019,51.1111333333333,110
"UZB",2015,51.1111333333333,114.5
"AFG",2011,51.1111111111111,112.5
"DZA",2013,51.1111111111111,113.5
"ATG",2012,51.1111111111111,114
"BWA",2014,51.1111111111111,114
"CMR",2004,51.1111111111111,91.5
"TCD",2008,51.1111111111111,110
"COG",2006,51.1111111111111,112.5
"GHA",2004,51.1111111111111,91.5
"GRD",2013,51.1111111111111,113.5
"GNB",2012,51.1111111111111,114
"IRQ",2008,51.1111111111111,110
"MMR",2011,51.1111111111111,112.5
"WSM",2008,51.1111111111111,110
"WSM",2012,51.1111111111111,114
"STP",2005,51.1111111111111,107
"STP",2006,51.1111111111111,112.5
"VCT",2009,51.1111111111111,112
"SUR",2006,51.1111111111111,112.5
"TGO",2010,51.1111111111111,112.5
"VUT",2006,51.1111111111111,112.5
"ZWE",2007,51.1111111111111,110
"ZWE",2010,51.1111111111111,112.5
"AFG",2015,51.1111,117
"AFG",2016,51.1111,116
"AFG",2017,51.1111,116.5
"BWA",2018,51.1111,113
"BWA",2019,51.1111,111
"DMA",2018,51.1111,113
"GIN",2020,51.1111,109
"LBN",2018,51.1111,113
"LBR",2015,51.1111,117
"SDN",2015,51.1111,117
"UZB",2017,51.1111,116.5
"TCD",2019,50.0000333333333,112.5
"COG",2015,50.0000333333333,119
"COG",2016,50.0000333333333,117
"NAM",2019,50.0000333333333,112.5
"AFG",2012,50,117.5
"AFG",2018,50,116
"AFG",2019,50,115
"DZA",2018,50,116
"AGO",2012,50,117.5
"BIH",2004,50,93
"BWA",2020,50,110.5
"CMR",2005,50,110
"COM",2010,50,114
"COM",2011,50,115
"COD",2013,50,118
"COG",2011,50,115
"COG",2012,50,117.5
"DJI",2005,50,110
"DMA",2011,50,115
"DMA",2013,50,118
"DMA",2019,50,115
"GRD",2007,50,111.5
"GNB",2013,50,118
"GUY",2019,50,115
"HTI",2018,50,116
"IRQ",2012,50,117.5
"IRQ",2013,50,118
"IRQ",2016,50,119.5
"MDV",2016,50,119.5
"MMR",2013,50,118
"NAM",2009,50,113
"NGA",2005,50,110
"PNG",2016,50,119.5
"WSM",2007,50,111.5
"SLB",2013,50,118
"KNA",2013,50,118
"KNA",2017,50,118
"VCT",2020,50,110.5
"SUR",2005,50,110
"TGO",2005,50,110
"TON",2014,50,115
"VUT",2016,50,119.5
"DZA",2020,49.9999666666667,112
"BWA",2017,49.9999666666667,119
"AGO",2019,48.8889,117.5
"TCD",2017,48.8889,120.5
"COG",2017,48.8889,120.5
"COG",2018,48.8889,118
"GNB",2020,48.8889,113
"SLB",2019,48.8889,117.5
"AGO",2014,48.8888888888889,116.5
"BDI",2007,48.8888888888889,114
"BDI",2008,48.8888888888889,112.5
"COG",2008,48.8888888888889,112.5
"GNB",2011,48.8888888888889,118
"LBN",2005,48.8888888888889,113.5
"LBN",2006,48.8888888888889,115
"LBN",2007,48.8888888888889,114
"MMR",2009,48.8888888888889,114.5
"MMR",2012,48.8888888888889,120
"NAM",2014,48.8888888888889,116.5
"PNG",2005,48.8888888888889,113.5
"PNG",2009,48.8888888888889,114.5
"WSM",2010,48.8888888888889,115.5
"WSM",2011,48.8888888888889,118
"SLE",2011,48.8888888888889,118
"TKM",2004,48.8888888888889,94
"VUT",2007,48.8888888888889,114
"YEM",2010,48.8888888888889,115.5
"PLW",2016,48.8888666666667,122.5
"PLW",2018,48.8888666666667,119
"PLW",2019,48.8888666666667,119.5
"PLW",2020,48.8888666666667,114
"SLB",2015,48.8888666666667,120
"SLB",2016,48.8888666666667,122.5
"VUT",2019,48.8888666666667,119.5
"UZB",2016,48.8888333333333,124
"YEM",2016,47.7778333333333,125
"ATG",2019,47.7778,121
"HTI",2015,47.7778,121.5
"MDG",2018,47.7778,120
"NAM",2015,47.7778,121.5
"AGO",2011,47.7777777777778,120.5
"AGO",2013,47.7777777777778,122.5
"CAF",2008,47.7777777777778,114.5
"COG",2014,47.7777777777778,118.5
"GAB",2005,47.7777777777778,115
"GRD",2012,47.7777777777778,121.5
"HTI",2014,47.7777777777778,118.5
"LBR",2013,47.7777777777778,122.5
"NGA",2006,47.7777777777778,116
"PNG",2007,47.7777777777778,116.5
"SLE",2007,47.7777777777778,116.5
"TGO",2008,47.7777777777778,114.5
"TGO",2009,47.7777777777778,116
"VUT",2012,47.7777777777778,121.5
"YEM",2011,47.7777777777778,120.5
"AGO",2015,47.7777666666667,124
"COM",2019,47.7777666666667,123
"ETH",2020,47.7777666666667,116
"GNB",2017,47.7777666666667,122
"SYR",2015,47.7777666666667,124
"TON",2015,47.7777666666667,124
"TTO",2018,47.7777666666667,121.5
"TTO",2019,47.7777666666667,123
"TTO",2020,47.7777666666667,116
"TUV",2018,47.7777666666667,121.5
"TUV",2019,47.7777666666667,123
"TUV",2020,47.7777666666667,116
"CMR",2020,46.6667,118
"COD",2017,46.6667,123
"AFG",2009,46.6666666666667,118
"ATG",2008,46.6666666666667,117
"ATG",2011,46.6666666666667,123
"CIV",2014,46.6666666666667,122.5
"DJI",2012,46.6666666666667,124
"DJI",2013,46.6666666666667,125
"DJI",2015,46.6666666666667,126
"DMA",2010,46.6666666666667,117
"DMA",2020,46.6666666666667,119.5
"GRD",2008,46.6666666666667,117
"GRD",2009,46.6666666666667,118
"HTI",2019,46.6666666666667,125
"IRQ",2011,46.6666666666667,123
"IRQ",2014,46.6666666666667,122.5
"LBR",2014,46.6666666666667,122.5
"MHL",2011,46.6666666666667,123
"MHL",2014,46.6666666666667,122.5
"MMR",2014,46.6666666666667,122.5
"NIC",2020,46.6666666666667,119.5
"PNG",2004,46.6666666666667,95
"PNG",2014,46.6666666666667,122.5
"SLE",2008,46.6666666666667,117
"KNA",2018,46.6666666666667,123
"VCT",2013,46.6666666666667,125
"TLS",2012,46.6666666666667,124
"TON",2013,46.6666666666667,125
"TTO",2017,46.6666666666667,124
"TKM",2006,46.6666666666667,117
"YEM",2012,46.6666666666667,124
"ZWE",2009,46.6666666666667,118
"COM",2020,46.6666333333333,121
"AGO",2020,45.5555666666667,122.5
"COD",2018,45.5555666666667,124
"COG",2019,45.5555666666667,126.5
"GNQ",2016,45.5555666666667,126
"GNQ",2017,45.5555666666667,125
"GUY",2020,45.5555666666667,122.5
"PNG",2015,45.5555666666667,127.5
"SSD",2019,45.5555666666667,126.5
"VUT",2015,45.5555666666667,127.5
"AFG",2008,45.5555555555556,119.5
"AGO",2005,45.5555555555556,117
"AGO",2006,45.5555555555556,118
"AGO",2009,45.5555555555556,121
"AGO",2010,45.5555555555556,118.5
"BDI",2005,45.5555555555556,117
"DJI",2014,45.5555555555556,126
"GNB",2010,45.5555555555556,118.5
"IRQ",2007,45.5555555555556,118.5
"TLS",2009,45.5555555555556,121
"TKM",2005,45.5555555555556,117
"TKM",2007,45.5555555555556,118.5
"TKM",2008,45.5555555555556,119.5
"TKM",2009,45.5555555555556,121
"BWA",2015,45.5555333333333,129
"PLW",2017,45.5555333333333,126
"VUT",2018,45.5555333333333,125
"AGO",2017,45.5555,127
"ATG",2020,44.4444666666667,124
"KNA",2019,44.4444666666667,128
"YEM",2017,44.4444666666667,128
"ATG",2009,44.4444444444444,123
"BDI",2006,44.4444444444444,119
"CAF",2007,44.4444444444444,120
"COG",2005,44.4444444444444,119.5
"DJI",2010,44.4444444444444,120.5
"DJI",2011,44.4444444444444,126
"GAB",2004,44.4444444444444,96.5
"GRD",2011,44.4444444444444,126
"GRD",2014,44.4444444444444,127.5
"NGA",2004,44.4444444444444,96.5
"PNG",2008,44.4444444444444,121
"SDN",2010,44.4444444444444,120.5
"SDN",2011,44.4444444444444,126
"SYR",2014,44.4444444444444,127.5
"TKM",2012,44.4444444444444,126
"VUT",2005,44.4444444444444,119.5
"GNB",2015,44.4444333333333,130
"GNB",2018,44.4444333333333,126
"LBN",2019,44.4444333333333,129
"LBN",2020,44.4444333333333,125
"ATG",2018,43.3333333333333,127
"BDI",2004,43.3333333333333,98
"CAF",2005,43.3333333333333,121
"CAF",2006,43.3333333333333,120.5
"COM",2013,43.3333333333333,128.5
"COD",2011,43.3333333333333,128.5
"COD",2012,43.3333333333333,128
"DJI",2007,43.3333333333333,121
"GAB",2011,43.3333333333333,128.5
"GRD",2010,43.3333333333333,122
"GNB",2014,43.3333333333333,130.5
"XKX",2016,43.3333333333333,127
"XKX",2017,43.3333333333333,130
"LBR",2012,43.3333333333333,128
"FSM",2020,43.3333333333333,126
"PNG",2017,43.3333333333333,130
"SLE",2006,43.3333333333333,120.5
"SSD",2017,43.3333333333333,130
"SDN",2012,43.3333333333333,128
"SDN",2014,43.3333333333333,130.5
"SYR",2013,43.3333333333333,128.5
"TKM",2013,43.3333333333333,128.5
"TKM",2014,43.3333333333333,130.5
"VUT",2013,43.3333333333333,128.5
"VUT",2014,43.3333333333333,130.5
"GAB",2019,43.3333,130
"SSD",2020,43.3333,127
"YEM",2018,42.2222666666667,128
"AGO",2018,42.2222333333333,130
"GNQ",2015,42.2222333333333,131
"FSM",2018,42.2222333333333,130
"SSD",2018,42.2222333333333,130
"AGO",2007,42.2222222222222,122
"AGO",2008,42.2222222222222,123
"ATG",2010,42.2222222222222,124.5
"COG",2004,42.2222222222222,99.5
"ERI",2006,42.2222222222222,122
"GAB",2013,42.2222222222222,131
"GAB",2014,42.2222222222222,133
"HTI",2010,42.2222222222222,124.5
"HTI",2011,42.2222222222222,130.5
"LBN",2004,42.2222222222222,99.5
"LBY",2005,42.2222222222222,122
"SLB",2011,42.2222222222222,130.5
"SLB",2012,42.2222222222222,130
"SDN",2009,42.2222222222222,124
"TLS",2008,42.2222222222222,123
"VUT",2010,42.2222222222222,124.5
"PSE",2010,42.2222222222222,124.5
"ZWE",2008,42.2222222222222,123
"GNB",2016,42.2222,128
"KIR",2020,42.2222,128
"PLW",2015,42.2222,132
"AGO",2016,42.2221666666667,129.5
"BWA",2016,42.2221666666667,129.5
"COM",2015,42.2221666666667,133
"COM",2018,42.2221666666667,132
"CAF",2016,41.1111333333333,131
"AGO",2004,41.1111111111111,101
"COM",2012,41.1111111111111,131
"COD",2005,41.1111111111111,123
"GAB",2009,41.1111111111111,126
"GNB",2006,41.1111111111111,123
"HTI",2008,41.1111111111111,126
"HTI",2013,41.1111111111111,132
"IRQ",2009,41.1111111111111,126
"IRQ",2010,41.1111111111111,128
"LBY",2007,41.1111111111111,123
"LBY",2008,41.1111111111111,126
"MHL",2008,41.1111111111111,126
"MHL",2009,41.1111111111111,126
"MHL",2010,41.1111111111111,128
"PNG",2010,41.1111111111111,128
"COD",2019,41.1111,131.5
"XKX",2020,41.1111,129
"FSM",2019,41.1111,131.5
"LBY",2010,40.5555555555556,130
"CAF",2004,40,102
"COM",2014,40,134
"DJI",2008,40,128
"DJI",2009,40,129
"ERI",2005,40,125
"GAB",2006,40,124.5
"GAB",2007,40,124
"GAB",2010,40,131.5
"HTI",2009,40,129
"IRQ",2005,40,125
"IRQ",2006,40,124.5
"XKX",2015,40,134
"XKX",2019,40,133
"LBR",2011,40,132
"SLE",2005,40,125
"SLB",2010,40,131.5
"SDN",2013,40,133
"PSE",2009,40,129
"COD",2020,39.9999666666667,130.5
"GAB",2015,39.9999666666667,135
"GAB",2020,39.9999666666667,130.5
"KIR",2016,39.9999666666667,132.5
"KIR",2017,39.9999666666667,132
"KIR",2018,39.9999666666667,133
"KIR",2019,39.9999666666667,134
"TUV",2016,39.9999666666667,132.5
"KNA",2020,39.4444666666667,132
"COG",2020,38.8889,133
"HTI",2016,38.8889,134
"HTI",2005,38.8888888888889,127
"HTI",2006,38.8888888888889,126.5
"HTI",2007,38.8888888888889,125
"HTI",2012,38.8888888888889,132
"LBY",2006,38.8888888888889,126.5
"LBY",2009,38.8888888888889,131
"TKM",2010,38.8888888888889,133
"TKM",2011,38.8888888888889,133
"CAF",2017,38.8888666666667,133
"YEM",2019,38.8888666666667,135
"TUV",2017,38.8888333333333,134
"IRQ",2018,37.7778,134
"SSD",2016,37.7778,135.5
"SYR",2016,37.7778,135.5
"COD",2006,37.7777777777778,128.5
"COD",2007,37.7777777777778,126.5
"COD",2008,37.7777777777778,129.5
"ERI",2004,37.7777777777778,104
"ERI",2007,37.7777777777778,126.5
"ERI",2008,37.7777777777778,129.5
"GNB",2004,37.7777777777778,104
"HTI",2004,37.7777777777778,104
"KIR",2011,37.7777777777778,134.5
"KIR",2012,37.7777777777778,134
"FSM",2012,37.7777777777778,134
"FSM",2013,37.7777777777778,134.5
"PLW",2006,37.7777777777778,128.5
"PNG",2011,37.7777777777778,134.5
"PNG",2012,37.7777777777778,134
"PNG",2013,37.7777777777778,134.5
"MHL",2015,37.7777666666667,136.5
"TUV",2015,37.7777666666667,136.5
"NRU",2020,37.7777333333333,134
"ATG",2005,36.6666666666667,128.5
"ATG",2006,36.6666666666667,130.5
"ATG",2007,36.6666666666667,129.5
"GAB",2008,36.6666666666667,131
"GAB",2012,36.6666666666667,136.5
"HTI",2017,36.6666666666667,135
"IRQ",2020,36.6666666666667,135.5
"KIR",2006,36.6666666666667,130.5
"KIR",2007,36.6666666666667,129.5
"KIR",2010,36.6666666666667,134
"XKX",2018,36.6666666666667,135
"LBY",2012,36.6666666666667,136.5
"MHL",2007,36.6666666666667,129.5
"FSM",2014,36.6666666666667,135.5
"PLW",2005,36.6666666666667,128.5
"PLW",2014,36.6666666666667,135.5
"SDN",2007,36.6666666666667,129.5
"VUT",2020,36.6666666666667,135.5
"CAF",2020,36.6666333333333,137.5
"GNQ",2018,36.6666333333333,136.5
"GNQ",2019,36.6666333333333,136
"GNQ",2020,36.6666333333333,137.5
"GAB",2016,36.6666333333333,137
"GAB",2017,36.6666333333333,136
"GAB",2018,36.6666333333333,136.5
"FSM",2015,35.5555666666667,138
"COD",2010,35.5555555555556,135
"KIR",2008,35.5555555555556,132.5
"KIR",2013,35.5555555555556,136
"KIR",2014,35.5555555555556,137
"LBY",2011,35.5555555555556,136
"SDN",2004,35.5555555555556,106
"SDN",2008,35.5555555555556,132.5
"TLS",2007,35.5555555555556,132
"CAF",2019,35.5555333333333,137
"MHL",2020,35.5555333333333,139
"TKM",2017,35.5555333333333,137
"IRQ",2019,34.4444666666667,138
"SSD",2015,34.4444666666667,139
"AFG",2007,34.4444444444444,134
"COD",2009,34.4444444444444,133
"GNQ",2005,34.4444444444444,130
"GNQ",2014,34.4444444444444,138
"GNB",2007,34.4444444444444,134
"FSM",2008,34.4444444444444,134.5
"FSM",2009,34.4444444444444,133
"PLW",2007,34.4444444444444,134
"PLW",2008,34.4444444444444,134.5
"PLW",2009,34.4444444444444,133
"PLW",2010,34.4444444444444,136
"KIR",2015,34.4444333333333,140
"LBY",2018,34.4444333333333,138.5
"SOM",2020,34.4444333333333,140.5
"TKM",2016,34.4444333333333,138
"TKM",2018,34.4444333333333,138.5
"TKM",2019,34.4444333333333,139
"TKM",2020,34.4444333333333,140.5
"COM",2016,34.4444,139
"GNB",2005,33.3333333333333,131
"GNB",2009,33.3333333333333,136
"KIR",2009,33.3333333333333,136
"XKX",2014,33.3333333333333,139.5
"LBR",2010,33.3333333333333,137
"PLW",2012,33.3333333333333,138
"PLW",2013,33.3333333333333,137
"SLB",2009,33.3333333333333,136
"SDN",2006,33.3333333333333,132
"TKM",2015,33.3333333333333,141
"TUV",2014,33.3333333333333,139.5
"FSM",2016,32.2222333333333,140
"FSM",2017,32.2222333333333,138.5
"SYR",2017,32.2222333333333,138.5
"AFG",2006,32.2222222222222,134
"COD",2004,32.2222222222222,107.5
"GNQ",2009,32.2222222222222,139
"GNQ",2010,32.2222222222222,138.5
"GNQ",2011,32.2222222222222,137.5
"GNQ",2012,32.2222222222222,139.5
"ERI",2009,32.2222222222222,139
"ERI",2010,32.2222222222222,138.5
"ERI",2011,32.2222222222222,137.5
"ERI",2012,32.2222222222222,139.5
"IRQ",2004,32.2222222222222,107.5
"KIR",2005,32.2222222222222,133
"LBR",2009,32.2222222222222,139
"MHL",2005,32.2222222222222,133
"MHL",2006,32.2222222222222,134
"TLS",2005,32.2222222222222,133
"TLS",2006,32.2222222222222,134
"CAF",2018,32.2222,140.5
"MHL",2017,32.2222,140
"MHL",2018,32.2222,140.5
"MHL",2019,32.2222,140
"AFG",2005,31.1111111111111,136
"GNQ",2013,31.1111111111111,138.5
"ERI",2013,31.1111111111111,138.5
"ERI",2014,31.1111111111111,141
"GNB",2008,31.1111111111111,136
"FSM",2006,31.1111111111111,136.5
"FSM",2007,31.1111111111111,136.5
"SLB",2005,31.1111111111111,136
"SLB",2006,31.1111111111111,136.5
"SLB",2007,31.1111111111111,136.5
"SDN",2005,31.1111111111111,136
"ERI",2020,31.1111,142
"GNQ",2006,30,138
"GNQ",2007,30,138
"GNQ",2008,30,137.5
"XKX",2013,30,140.5
"FSM",2005,30,138
"PLW",2011,30,139
"SLE",2004,30,109
"SLB",2008,30,137.5
"SYR",2018,30,142
"TUV",2013,30,140.5
"COM",2017,29.9999666666667,141
"SSD",2014,29.4444444444444,142
"ERI",2016,28.8889,141.5
"MHL",2016,28.8889,141.5
"LBY",2004,28.8888888888889,110
"LBY",2014,28.8888888888889,143
"ERI",2017,28.8888666666667,142
"ERI",2015,27.7778,142
"LBY",2013,27.7777777777778,142
"FSM",2010,27.7777777777778,140
"FSM",2011,27.7777777777778,140
"ERI",2018,27.7777666666667,143
"ERI",2019,27.7777666666667,141.5
"LBY",2019,27.7777666666667,141.5
"YEM",2020,27.7777666666667,143
"SOM",2007,26.6666666666667,139
"SOM",2010,26.6666666666667,141
"SOM",2012,26.6666666666667,141
"SOM",2018,26.6666666666667,144
"SOM",2019,26.6666666666667,143.5
"SYR",2019,26.6666666666667,143.5
"SSD",2013,26.1111111111111,143
"LBY",2020,25.5555666666667,144
"LBR",2008,25.5555555555556,139
"AFG",2004,24.4444444444444,111
"SOM",2009,24.4444444444444,141
"SOM",2013,24.4444444444444,144
"LBR",2005,23.3333333333333,139
"LBR",2006,23.3333333333333,139.5
"SOM",2006,23.3333333333333,139.5
"SOM",2008,23.3333333333333,140
"SOM",2011,23.3333333333333,141
"SOM",2017,23.3333333333333,143
"LBR",2007,22.2222222222222,140
"SOM",2004,22.2222222222222,112
"SOM",2005,22.2222222222222,140
"LBY",2015,22.2222,143
"LBY",2016,22.2222,143
"LBY",2017,22.2222,144
"SYR",2020,22.2222,145
"NRU",2018,20,145
"SOM",2014,20,144
"SOM",2015,20,144
"SOM",2016,20,144
"LBR",2004,16.6666666666667,113
"NRU",2017,16.6666666666667,145
"NRU",2019,16.6666666666667,145
"ATG",2004,NA,NA
"BLZ",2004,NA,NA
"BTN",2004,NA,NA
"CPV",2004,NA,NA
"COM",2004,NA,NA
"DJI",2004,NA,NA
"DMA",2004,NA,NA
"GNQ",2004,NA,NA
"FJI",2004,NA,NA
"GRD",2004,NA,NA
"GUY",2004,NA,NA
"KIR",2004,NA,NA
"XKX",2004,NA,NA
"XKX",2005,NA,NA
"XKX",2006,NA,NA
"XKX",2007,NA,NA
"XKX",2008,NA,NA
"XKX",2009,NA,NA
"XKX",2010,NA,NA
"XKX",2011,NA,NA
"XKX",2012,NA,NA
"MDV",2004,NA,NA
"MHL",2004,NA,NA
"FSM",2004,NA,NA
"NRU",2004,NA,NA
"NRU",2005,NA,NA
"NRU",2006,NA,NA
"NRU",2007,NA,NA
"NRU",2008,NA,NA
"NRU",2009,NA,NA
"NRU",2010,NA,NA
"NRU",2011,NA,NA
"NRU",2012,NA,NA
"NRU",2013,NA,NA
"NRU",2014,NA,NA
"NRU",2015,NA,NA
"NRU",2016,NA,NA
"PLW",2004,NA,NA
"WSM",2004,NA,NA
"STP",2004,NA,NA
"SYC",2004,NA,NA
"SLB",2004,NA,NA
"SSD",2004,NA,NA
"SSD",2005,NA,NA
"SSD",2006,NA,NA
"SSD",2007,NA,NA
"SSD",2008,NA,NA
"SSD",2009,NA,NA
"SSD",2010,NA,NA
"SSD",2011,NA,NA
"SSD",2012,NA,NA
"KNA",2004,NA,NA
"LCA",2004,NA,NA
"VCT",2004,NA,NA
"SUR",2004,NA,NA
"TLS",2004,NA,NA
"TON",2004,NA,NA
"TUV",2004,NA,NA
"TUV",2005,NA,NA
"TUV",2006,NA,NA
"TUV",2007,NA,NA
"TUV",2008,NA,NA
"TUV",2009,NA,NA
"TUV",2010,NA,NA
"TUV",2011,NA,NA
"TUV",2012,NA,NA
"VUT",2004,NA,NA
"PSE",2004,NA,NA
"PSE",2005,NA,NA
"PSE",2006,NA,NA
"PSE",2007,NA,NA
"PSE",2008,NA,NA
