"country","iso3c","date","income","region","SPI.INDEX","SCI","SCI_rank","ODIN_score","ODIN_rank","odb","odb_2016","gdb","iiag_overall","iiag_stats","SI.POV.DDAY","SI.POV.GINI","GE.EST","NY.GDP.PCAP.KD","HD.HCI.OVRL","SN.ITK.DEFC.ZS","SH.STA.MMRT","SE.LPV.PRIM","SG.LAW.INDX","SH.H2O.SMDW.ZS","EG.ELC.ACCS.ZS","NV.IND.MANF.ZS","EN.POP.SLUM.UR.ZS","subsidies","EN.GHG.ALL.MT.CE.AR5","ER.MRN.PTMR.ZS","ER.LND.PTLD.ZS","DT.TDS.DECT.EX.ZS","sdg_index_score","hdi_value","env_perform_index","eci_value","press_free_score","better_life_index","undernourish","severe_food_insecurity","legatum_health_index","ghsindex"
"Denmark","DNK",2023,"High income","Europe & Central Asia",95.3,NA,NA,86.7,2,56,56,58,NA,NA,0.2,28.3,2.01564884185791,61295.9818623394,0.755094826221466,2.5,5,5.13658905029296,100,99.9188291924832,100,15.9590122423,NA,0.39504,45.7952,18.3222065,16.9702816,NA,84.99774605933283,0.948,67.7,1.0098230242729187,89.48,8.16032895809873,NA,NA,16,64.4
"Finland","FIN",2023,"High income","Europe & Central Asia",95.1,NA,NA,85.8,3,47,47,55,NA,NA,0,27.7,1.73860657215118,45588.5130643088,0.796001017093658,2.5,8,4.78112697601318,97.5,99.6420270617799,100,14.934509000439,NA,0.57659,54.805,11.9924765,13.3991909,NA,86.35069268476622,0.94,73.8,1.5027134418487549,87.94,8.190826399726488,NA,NA,15,70.9
"Poland","POL",2023,"High income","Europe & Central Asia",94.7,78.8889,33,85.7,4,33,33,NA,NA,NA,0.1,28.5,0.421437799930573,17391.1441481102,0.753088593482971,2.5,2,5.55067777633667,93.75,88.9144993074404,100,16.7598578320266,NA,0.28857,400.2439,22.5724697,39.5688171,NA,81.69257877514643,0.876,64.2,0.9779942631721497,67.66,6.56633930228965,NA,NA,48,55.7
"Sweden","SWE",2023,"High income","Europe & Central Asia",94.4,NA,NA,80,10,56,56,43,NA,NA,0.6,29.8,1.60138332843781,54449.7982042953,0.79535710811615,2.5,5,5.27216482162475,100,99.7388798657575,100,14.1907105828141,NA,0.30977,60.6063,15.8150454,15.4291687,NA,85.69782150496563,0.947,70.3,1.6919919848442078,88.15,8.570451536116192,NA,NA,9,64.9
"Spain","ESP",2023,"High income","Europe & Central Asia",94.3,NA,NA,72.7,20,58,58,56,NA,NA,0.6,33.9,0.752065539360046,28569.8436482338,0.728255033493042,2.5,3,7.30008029937744,100,99.5671426373018,100,10.8916362549088,NA,0.134,328.6332,12.7854223,28.1166744,NA,80.70311983506689,0.905,64,0.7276006639003754,75.37,6.863352184717901,NA,NA,26,60.9
"Netherlands","NLD",2023,"High income","Europe & Central Asia",94.3,NA,NA,80.8,7,60,60,54,NA,NA,0.1,25.7,1.62553191184998,51305.6282286444,0.789915025234222,2.5,4,4.4913740158081,100,99.9678911890245,100,10.841149158064,NA,0.0424,167.8474,26.8632526,22.4687176,NA,79.20559862000745,0.941,66.9,1.1154623627662659,87,8.228636872252132,NA,NA,11,64.7
"Slovenia","SVN",2023,"High income","Europe & Central Asia",94.2,NA,NA,83.2,5,NA,NA,NA,NA,NA,0,24.3,1.03929400444031,25708.8691396365,0.774986982345581,2.5,5,7.21811628341674,96.875,98.2743209096652,100,19.5943662639593,NA,0.26991,18.2453,2.324218,40.4387856,NA,81.34276781796635,0.918,62.4,1.6536874175071716,70.59,7.421762795085357,NA,NA,24,67.8
"Portugal","PRT",2023,"High income","Europe & Central Asia",93.8,NA,NA,70.5,25.5,37,37,42,NA,NA,0.2,34.6,0.987550020217896,22292.4218368837,0.768949568271637,2.5,12,7.97772073745727,100,95.1567339921988,100,11.8695485119151,NA,0.2291,59.682,16.9033108,22.9131279,NA,80.22455462184874,0.866,61.9,0.584773600101471,84.6,6.332620251965729,NA,NA,40,54.7
"Italy","ITA",2023,"High income","Europe & Central Asia",93.6,NA,NA,67.8,35,50,48,57,NA,NA,0.8,34.8,0.611036896705627,34088.088128227,0.727819681167603,2.5,5,5.49675559997558,97.5,92.7105575597704,100,15.3685613176758,NA,0.59093,394.6564,10.611516,21.5763645,NA,79.289235828877,0.895,60.3,1.3242375254631042,72.05,6.6811082908721,NA,NA,17,51.9
"Norway","NOR",2023,"High income","Europe & Central Asia",93.6,NA,NA,83,6,58,58,NA,NA,NA,0.2,27.7,1.79993534088135,78912.3327624579,0.771051168441772,2.5,2,4.29407835006713,96.875,98.8231103374865,100,6.0609187554862,NA,0.09139,69.935,9.8145514,30.5175972,NA,82.23089824783061,0.961,69.9,0.507509708404541,95.18,8.492561123778597,NA,NA,7,60.2
"Canada","CAN",2023,"High income","North America",93.5,NA,NA,76.4,14,76,68,61,NA,NA,0.2,31.7,1.51680326461792,44468.7475023539,0.797520101070404,2.5,11,4.30185747146606,100,99.0397292852425,100,9.01547651322254,NA,0.13133,756.8101,9.0630465,12.7079391,NA,78.82870899541636,0.936,61.1,0.6042685210704803,83.53,8.063151323710132,NA,NA,32,69.8
"United States","USA",2023,"High income","North America",93.4,NA,NA,71.4,22.5,64,63,68,NA,NA,1.2,41.3,1.21720099449158,65875.177881434,0.701764345169067,2.5,21,9.69157028198242,91.25,97.468388745246,100,10.5447977298082,NA,0.04835,6009.5848,19.0481796,13.0182571,NA,74.43197157450393,0.921,57.2,1.6019098162651062,71.22,8.239912990480962,NA,NA,69,75.9
"France","FRA",2023,"High income","Europe & Central Asia",92.8,NA,NA,68.6,32,72,65,66,NA,NA,0.1,31.5,1.14462625980377,39117.4845009362,0.762737214565277,2.5,8,6.63674163818359,100,99.7041454123987,100,9.73175618130403,NA,0.36064,429.9974,49.8158798,28.3997669,NA,82.76111117265087,0.903,67,1.2906520366668701,78.72,7.2056325236929935,NA,NA,20,61.9
"Estonia","EST",2023,"High income","Europe & Central Asia",92.8,NA,NA,78.9,12,34,34,67,NA,NA,0.3,31.8,1.2634699344635,20123.422189306,0.77720320224762,2.5,5,NA,97.5,97.0193826204319,100,11.9140582600553,NA,0.18789,13.8093,18.7789497,21.4095879,NA,80.46097664247517,0.89,75.7,0.9898569583892822,85.31,7.202513225494309,NA,NA,37,55.5
"Austria","AUT",2023,"High income","Europe & Central Asia",92.6,NA,NA,60.9,55,55,55,NA,NA,NA,0.5,30.7,1.32668149471283,46338.9571249412,0.746739745140076,2.5,5,14.969030380249,96.875,98.8963233865813,100,15.872011478439,NA,0.21789,76.6518,NA,29.5004673,NA,82.5470244061086,0.916,68.9,1.7049371600151062,77.3,7.325437200889651,NA,NA,22,56.9
"Germany","DEU",2023,"High income","Europe & Central Asia",92.5,NA,NA,78.8,13,58,56,58,NA,NA,0.2,32.4,1.18541669845581,44336.7775157399,0.751162469387054,2.5,4,15.439902305603,100,99.9164119020981,100,18.5362019328404,NA,0.24309,784.0046,45.4581184,37.5871277,NA,83.44800438629996,0.942,74.5,2.0279027223587036,81.91,7.626747621095106,NA,NA,13,65.5
"Hungary","HUN",2023,"High income","Europe & Central Asia",92.2,NA,NA,63.7,50,23,23,NA,NA,NA,0.4,29.2,0.372758895158768,16282.830349083,0.683087289333344,2.5,15,9.15569114685058,93.75,100,100,17.1398232972577,7.2,0.20669,66.2076,NA,22.6009045,NA,79.52845692554995,0.846,59.8,1.3947808742523193,62.96,6.179156752996523,NA,NA,46,54.4
"Mexico","MEX",2023,"Upper middle income","Latin America & Caribbean",91.6,80,29,69.7,28.5,69,58,51,NA,NA,1.2,43.5,-0.198361441493034,10241.8945112994,0.612949848175049,3.1,59,47.634178161621,88.75,43.0378794213272,100,20.0611511132561,17.6,1.5861,819.8367,21.5555801,14.5979404,8.08189733399944,69.2805508530685,0.758,44.2,1.0015111863613129,47.98,4.249950624706364,NA,NA,71,57
"Lithuania","LTU",2023,"High income","Europe & Central Asia",91.5,NA,NA,70.7,24,NA,NA,37,NA,NA,0.3,36.7,1.05012118816376,18685.551945873,0.70604795217514,2.5,9,3.27572441101074,93.75,94.9814964714414,100,14.5770127953479,NA,0.65355,20.8469,25.5924759,17.0758858,NA,78.11709984084544,0.875,64.1,0.9027135074138641,86.79,6.596338630180303,NA,NA,61,59.5
"Korea, Rep.","KOR",2023,"High income","East Asia & Pacific",91.5,NA,NA,66.2,38.5,72,NA,64,NA,NA,0,32.9,1.40480732917786,34121.0211756766,0.798776268959045,2.5,8,3.23008060455322,88.125,99.2801236024823,100,24.3105420874045,NA,0.085319999999999993,725.6826,2.455245,16.9653454,NA,77.33020284421461,0.925,50.6,2.0391788482666016,70.83,6.079896110048965,NA,NA,3,65.4
"Latvia","LVA",2023,"High income","Europe & Central Asia",91.4,NA,NA,75.4,16,27,27,49,NA,NA,0.4,34.3,0.696560978889465,16703.9018520982,0.70658141374588,2.5,18,8.4379014968872,100,97.1112722593105,100,11.2683957147029,NA,0.58814,11.1078,16.0392818,18.1834526,NA,80.98794814107461,0.863,60.2,0.5777254104614258,83.27,6.313278600890371,NA,NA,59,61.9
"New Zealand","NZL",2023,"High income","East Asia & Pacific",91.3,NA,NA,66.2,38.5,68,61,66,NA,NA,NA,NA,1.5299768447876,41766.8707772422,0.775932431221008,2.5,7,10.8613500595092,97.5,100,100,8.81116112012761,NA,0.00676,82.7195,30.4215393,33.3954124,NA,78.81454858963241,0.937,57.3,0.24798304587602615,84.23,7.674513246753308,NA,NA,25,62.5
"Czechia","CZE",2023,"High income","Europe & Central Asia",91,NA,NA,68.3,33,38,38,45,NA,NA,0.1,26.2,1.1140114068985,20245.6557955904,NA,2.5,3,14.2066078186035,93.75,97.8834116268806,100,20.0170714742962,NA,0.14984,125.029,NA,22.1680202,NA,81.26328740291571,0.889,65.5,1.7870530486106873,83.58,7.280098844843278,NA,NA,28,52.8
"Japan","JPN",2023,"High income","East Asia & Pacific",90.9,NA,NA,69.2,30,68,58,NA,NA,NA,0.7,32.9,1.63126504421234,36990.3301140205,0.804714262485504,3.4,4,3.59502744674682,78.75,98.6585502009944,100,19.2274179079491,NA,0.05283,1182.3124,13.8917103,29.749218,NA,79.86885781424458,0.925,61.4,2.4631710052490234,63.95,5.669135416904191,NA,NA,2,60.5
"Australia","AUS",2023,"High income","East Asia & Pacific",90.9,NA,NA,67.9,34,75,62,55,NA,NA,0.5,34.3,1.58987963199615,61583.9188935304,0.770239531993866,2.5,3,9.0636396408081,96.875,NA,100,5.36250449364813,NA,0.55392,570.6027,44.3366356,20.3629208,NA,76.884191539343007,0.951,63.1,-0.572422206401825,78.24,8.079608001516057,NA,NA,21,71.1
"Greece","GRC",2023,"High income","Europe & Central Asia",90.6,NA,NA,59,62,36,36,37,NA,NA,0.6,32.9,0.148003026843071,21139.1916750925,0.690006494522095,2.5,8,NA,100,98.879641286099,100,8.73057212854684,NA,1.08306,76.0007,4.5178628,35.2163315,NA,78.70595914820474,0.887,67.3,0.22684268653392792,55.2,5.064537181804398,NA,NA,41,51.5
"Belgium","BEL",2023,"High income","Europe & Central Asia",90.5,NA,NA,57,68.5,42,42,NA,NA,NA,0,26.6,1.03702199459076,44731.0420983801,0.76041966676712,2.5,5,8.52700424194335,100,99.739449377802,100,11.2544325988403,NA,0.72468,114.0017,38.0590172,15.5545855,NA,80.04016116040823,0.937,66.8,1.1451414227485657,76.47,7.333363972749193,NA,NA,18,59.3
"Switzerland","CHE",2023,"High income","Europe & Central Asia",90.3,NA,NA,65.5,43.5,47,47,NA,NA,NA,0,33.7,2.13492703437805,89555.5599814123,0.756115138530731,2.5,7,NA,88.125,96.7000018583182,100,18.1064684800093,NA,0.34084,45.5638,NA,12.1402102,NA,79.29977855392157,0.962,67.8,2.197530746459961,84.4,8.42437758464399,NA,NA,10,58.8
"Slovak Republic","SVK",2023,"High income","Europe & Central Asia",89.8,NA,NA,74,18,40,40,51,NA,NA,0.1,24.1,0.229512304067612,19238.7622372766,0.664987325668335,3.6,5,22.1248226165771,87.5,99.1847298839003,100,20.736789619645698,NA,0.27283,45.4727,NA,37.5865822,NA,79.35141910014006,0.848,65.1,1.2826383113861084,83.22,6.637526230601206,NA,NA,45,54.4
"Ireland","IRL",2023,"High income","Europe & Central Asia",89.4,NA,NA,71.4,22.5,41,41,46,NA,NA,0.1,30.1,1.59114551544189,91647.7688541174,0.792599022388458,2.5,5,2.3305127620697,100,95.9914050398065,100,29.4380161485299,8.5,0.71175,62.3581,2.3319521,14.4344702,NA,78.72098592779768,0.945,65.8,1.5685868859291077,89.91,7.257451188290553,NA,NA,23,55.3
"Georgia","GEO",2023,"Upper middle income","Europe & Central Asia",89.3,87.7777666666667,8,69.7,28.5,33,33,40,NA,NA,4.3,33.5,0.791285872459412,6180.62059946106,0.568925797939301,4,28,13.5263748168945,88.125,69.1418510304816,100,8.3553549566650709,7.07908,0.05233,18.0153,0.6677558,11.1115513,20.8483458592727,74.91463821619558,0.802,47.3,-0.13211289420723915,61.69,NA,NA,NA,90,52.6
"Luxembourg","LUX",2023,"High income","Europe & Central Asia",88.9,NA,NA,65.9,40.5,NA,NA,NA,NA,NA,0.1,32.7,1.91421329975128,106342.757463856,0.686146140098572,2.5,6,NA,100,99.5340819574653,100,3.53150844673046,NA,0.00333,8.4756,NA,55.8024483,NA,76.80514042685256,0.93,75.1,NA,81.98,8.204175047406853,NA,NA,12,48.4
"United Kingdom","GBR",2023,"High income","Europe & Central Asia",88.9,NA,NA,56.8,71.5,76,75,65,NA,NA,0.2,32.4,1.16114270687103,47322.6682239254,0.782942950725555,2.5,10,3.39390325546264,97.5,99.8041470058874,100,8.27542647523243,NA,0.43898,425.9522,44.0570869,27.7695599,NA,82.16197046727783,0.929,72.6,1.8207306265830994,78.51,7.475770567260113,NA,NA,34,67.2
"Singapore","SGP",2023,"High income","East Asia & Pacific",88.8,NA,NA,89.6,1,42,42,NA,NA,NA,NA,NA,2.31747198104858,65422.4603166668,0.879125714302063,NA,7,3.37001085281372,82.5,100,100,17.6492866555978,NA,2.26649,70.4695,0.013184,5.5545597,NA,71.4091285444947,0.939,53,2.100292682647705,47.88,NA,NA,NA,1,57.4
"Romania","ROU",2023,"High income","Europe & Central Asia",88.6,84.4444666666667,15,72.2,21,NA,NA,43,NA,NA,1.8,33.9,-0.0926659479737282,12399.0008278388,0.584187865257263,2.5,10,17.8603286743164,90.625,82.0723248379512,100,12.6219622399745,NA,0.33139,117.0305,23.0985832,24.5213623,NA,76.69977359943978,0.821,57.3,1.0786787271499634,69.04,NA,NA,NA,72,45.7
"Costa Rica","CRI",2023,"Upper middle income","Latin America & Caribbean",88.5,91.1111,3.5,56.7,73,31,20,34,NA,NA,0.9,46.7,0.260196477174759,14318.8389652137,0.628635048866272,2.5,22,34.0240669250488,91.875,80.5075784878385,100,13.6187875235229,3.54573,0.13578,16.8614,28.9516144,26.5901375,14.6410219516044,72.87613409090909,0.809,55.5,0.1469578519463539,80.2,5.258390929128558,NA,NA,30,40.8
"Bulgaria","BGR",2023,"High income","Europe & Central Asia",88.4,85.5555666666667,12.5,67.6,36,34,34,50,NA,NA,0.7,39,0.047112051397562,9819.57352949265,0.613898158073425,2.5,7,18.1856994628906,90.625,95.6543313759674,100,NA,NA,4.13414,68.383,8.1083384,41.044857,NA,75.53738655462185,0.795,56.2,0.7193925380706787,62.98,NA,NA,NA,65,59.9
"Cyprus","CYP",2023,"High income","Europe & Central Asia",88,NA,NA,57.4,67,NA,NA,NA,NA,NA,0,31.3,0.73773992061615,32341.302734375,0.755520224571228,2.5,68,10.2496576309204,96.875,99.7650627352206,100,4.34745525915788,NA,0,10.6299,8.6205378,38.7208405,NA,72.92478382352942,0.896,53.9,0.3124489486217499,68.62,NA,NA,NA,29,41.9
"Israel","ISR",2023,"High income","Middle East & North Africa",87.9,NA,NA,64.5,46,40,40,42,NA,NA,0.2,37.9,1.1453697681427,42852.5810267712,0.733995318412781,2.5,3,14.3992156982421,80.625,99.4711560405675,100,11.4807924288169,NA,0.32988,87.7537,0.0425068,24.4899502,NA,73.53462598039215,0.919,48,1.4135228991508484,57.57,6.163486249348544,NA,NA,6,47.2
"Colombia","COL",2023,"Upper middle income","Latin America & Caribbean",87.3,82.2222333333333,20.5,48,99,52,44,54,NA,NA,6,54.8,-0.075877919793129,6819.17983072755,0.60433030128479,4.2,75,51.3569412231445,84.375,73.8560448264451,100,10.9043929949162,9.7,0.4528,215.5305,17.0900021,16.4027538,37.063510396407,70.30079420677362,0.752,49.7,0.08969850093126297,45.23,4.031913245291322,NA,NA,36,53.2
"Croatia","HRV",2023,"High income","Europe & Central Asia",87,86.6666666666667,9.5,61,54,28,28,48,NA,NA,0.3,28.9,0.712653696537018,17147.1660226623,0.709693968296051,2.5,5,3.89054417610168,93.75,NA,100,12.1175556486692,NA,0.13665,24.1168,8.9877367,38.5095253,NA,82.19127100840335,0.858,62.3,0.835927814245224,71.95,NA,NA,NA,53,48.8
"Chile","CHL",2023,"High income","Latin America & Caribbean",86.8,86.6666666666667,9.5,54.7,80,40,41,53,NA,NA,0.4,43,0.71755576133728,14226.5180749128,0.651604175567627,2.5,15,27.1904296875,80,98.7713643041914,100,9.20611817476078,NA,0.51761,137.0112,41.3541069,21.0499763,NA,77.81938533868095,0.855,49.6,-0.4596826136112213,60.09,4.803376412956421,NA,NA,51,56.2
"Turkiye","TUR",2023,"Upper middle income","Europe & Central Asia",86.7,81.1111333333333,23.5,59.2,59.5,31,32,NA,NA,NA,0.4,44.4,-0.247911587357521,14713.5670729157,NA,2.5,17,18.5090885162353,82.5,NA,100,19.5466084784535,14.12611,0.44688,687.1665,1.7613034,6.9518194,20.9634493878246,70.46774560096766,0.838,37.2,0.5220599919557571,33.97,4.326644079610379,NA,NA,63,50
"Moldova","MDA",2023,"Upper middle income","Europe & Central Asia",86.1,91.1111,3.5,76.2,15,39,39,41,NA,NA,0,25.7,-0.164951995015144,3728.90191379122,0.584153532981873,2.5,12,NA,90.625,75.2243421159045,100,8.21860979897231,6.5,0.73697,12.3203,NA,11.4305801,19.0122560645467,78.80885161701045,0.767,46.1,-0.11478708684444427,77.62,NA,NA,NA,93,41
"North Macedonia","MKD",2023,"Upper middle income","Europe & Central Asia",85.3,72.2222333333333,46,62.5,51,31,31,NA,NA,NA,2.7,33.5,-0.0513173453509808,6393.78647551263,0.55734920501709,2.5,3,33.0288696289062,85,80.4470258702833,100,13.1851623117228,NA,1.41647,11.1838,NA,15.3937559,15.7999006290088,73.80140659536542,0.77,50.3,0.1447056457400322,74.35,NA,NA,NA,74,42.2
"Philippines","PHL",2023,"Lower middle income","East Asia & Pacific",85.2,82.2222333333333,20.5,65.7,42,42,43,34,NA,NA,3,40.7,0.154091909527779,3745.65232883132,0.51596212387085,5.9,78,90.9132614135742,78.75,47.9019041200159,94.8,16.2179758176734,36.61565,0.00544,265.2654,1.744404,15.8686895,10.8211194759301,67.4722532212885,0.699,32.1,0.8773222863674164,46.21,NA,NA,NA,96,45.7
"Albania","ALB",2023,"Upper middle income","Europe & Central Asia",85.1,87.7778,7,60.6,56,31,31,38,NA,NA,0,29.4,0.250855356454849,5419.63779125273,0.634250938892365,4.5,8,10.2368154525756,91.25,70.7360679461577,100,6.87772585101551,2.8,0,7.9529,2.8392792,18.591568,8.47736710275342,75.02850136236313,0.796,52.2,-0.37409794330596924,57.86,NA,NA,NA,66,45
"Armenia","ARM",2023,"Upper middle income","Europe & Central Asia",85,94.4444666666667,1,58.6,65,NA,NA,45,NA,NA,0.8,27.9,-0.184129968285561,5151.01273118105,0.578998804092407,2.5,27,27.2411460876464,90.625,82.4117239415569,100,10.5577205542053,8.39472,0.03566,9.1331,NA,24.6810169,18.3590951067762,74.0932150623886,0.759,44.9,0.09737865626811981,70.61,NA,NA,NA,68,61.8
"Malta","MLT",2023,"High income","Middle East & North Africa",84.8,NA,NA,52.9,83,NA,NA,37,NA,NA,0.3,31.4,0.397335052490234,33000.5930696382,0.709248304367065,2.5,3,10.1601848602294,91.25,99.7724155281172,100,6.15822836585425,NA,0,2.1782,7.4449396,30.6358299,NA,76.95196421568627,0.918,66.9,NA,59.76,NA,NA,NA,19,40.2
"Serbia","SRB",2023,"Upper middle income","Europe & Central Asia",84.4,88.8889,6,68.7,31,24,24,NA,NA,NA,1.2,33.1,0.00763431889936328,8210.55401378745,0.676606357097626,2.5,10,8.84685134887695,93.75,75.075247600673407,100,13.2907807437882,NA,1.01711,NA,NA,8.13799,13.3297872365685,77.02912808759868,0.802,49.8,0.669520229101181,59.16,NA,NA,NA,80,45
"Mongolia","MNG",2023,"Upper middle income","East Asia & Pacific",84,92.2222333333333,2,80.7,8,NA,NA,33,NA,NA,0.2,31.4,-0.47153577208519,4456.53627552726,0.614397525787354,2.5,39,NA,90.625,39.2801550444961,100,6.29808745235684,17.87869,0.20964,62.7903,NA,19.7983665,30.3853909674921,66.31280949325185,0.739,37.2,-1.3356168270111084,59.33,NA,NA,NA,110,41
"Russian Federation","RUS",2023,"High income","Europe & Central Asia",82.9,82.2222333333333,20.5,61.4,52,51,43,42,NA,NA,0.2,35.1,-0.712461888790131,10420.5712890625,0.681419610977173,2.5,14,3.76424741744995,73.125,76.2331071384836,100,12.4455577897072,NA,1.02659,2578.9908,2.2433422,11.4531889,NA,73.09785665804783,0.822,46.7,0.08691949397325516,34.77,5.84852154514726,NA,NA,84,49.1
"South Africa","ZAF",2023,"Upper middle income","Sub-Saharan Africa",82.4,81.1111333333333,23.5,51.6,88,36,32,30,NA,NA,20.5,63,-0.256946682929993,5747.41965032482,0.425453394651413,8.1,127,82.0170516967773,88.125,NA,86.5,12.9624980053067,24.2,1.28776,533.8207,15.4969616,9.2616148,16.7974557657466,63.43524363381717,0.713,42.7,0.02155792829580605,78.6,3.294470005299129,NA,NA,129,45.8
"Iceland","ISL",2023,"High income","Europe & Central Asia",81.7,NA,NA,52.2,85.5,36,36,NA,NA,NA,0,26.1,1.55512094497681,59096.4444709589,0.745281875133514,2.5,3,NA,100,100,100,9.55072746837171,NA,0,4.7682,0.4272036,20.7846069,NA,79.54468221288515,0.959,64.3,NA,83.19,7.891291645934006,NA,NA,8,48.5
"Saudi Arabia","SAU",2023,"High income","Middle East & North Africa",81.5,NA,NA,59,62,25,20,29,NA,NA,NA,NA,0.796441078186035,23331.7694701019,0.576390504837036,3,16,32.4055786132812,71.25,NA,100,14.7881220031993,NA,4.02535,810.5116,2.4940987,4.7601271,NA,64.91401968423733,0.875,42.5,0.699799656867981,32.43,NA,NA,NA,56,44.9
"Indonesia","IDN",2023,"Upper middle income","East Asia & Pacific",81.4,85.5555666666667,12.5,70.4,27,37,34,40,NA,NA,1.8,36.1,0.58032637834549,4192.62390181339,0.540038466453552,7.2,173,52.82275390625,70.625,30.2661667151466,100,18.6673912499385,19.41083,1.15297,1240.7843,3.0576005,12.1656971,19.5533839554927,69.43473529411763,0.705,33.6,-0.12005259096622467,54.83,NA,NA,NA,87,50.4
"Uruguay","URY",2023,"High income","Latin America & Caribbean",81.1,80,29,55.4,77,56,50,55,NA,NA,0.2,40.6,0.850249707698822,18295.9066764742,0.59876024723053,2.5,19,43.618366241455,88.75,NA,100,9.457421959895,5.04714,0,41.9078,0.752423,3.6750729,NA,77.08919341100076,0.809,44.1,0.0642276369035244,70.33,NA,NA,NA,35,40.3
"Thailand","THA",2023,"Upper middle income","East Asia & Pacific",81.1,83.3333333333333,16.5,48.1,97.5,27,27,42,NA,NA,0,34.9,0.171705812215805,6393.88744975198,0.609310984611511,5.6,29,23.4157752990722,78.125,NA,99.9,24.9114470128899,6.79482,0.09383,463.8545,4.4431028,18.547802,11.8104231104618,74.66579859943977,0.8,45.7,1.0610548853874207,55.24,NA,NA,NA,31,68.2
"West Bank and Gaza","PSE",2023,"Lower middle income","Middle East & North Africa",80.7,77.7778,36,74.3,17,8,8,15,NA,NA,0.5,33.7,-1.20955741405487,2862.88117465434,0.579996645450592,NA,20,NA,26.25,80.3301824695162,100,11.1956379953562,19.5,6.32373,NA,NA,8.359252,NA,NA,0.715,NA,NA,37.86,NA,NA,NA,NA,NA
"Brazil","BRA",2023,"Upper middle income","Latin America & Caribbean",80.6,81.1111,25,64,47,50,47,58,NA,NA,3.5,52,-0.546764314174652,9258.05329063487,0.551497936248779,3.9,72,46.8978614807128,85,87.2587154718951,100,13.3318779913477,14.8971,0.44079,1310.4989,26.8214855,30.3046875,53.8044527360973,73.77816017952634,0.754,53,-0.035682570189237595,58.67,5.311443625566045,NA,NA,83,51.2
"Malaysia","MYS",2023,"Upper middle income","East Asia & Pacific",80.4,76.6667,37.5,59.7,57.5,27,27,42,NA,NA,0,40.7,0.875369668006897,11429.5894122241,0.610976159572601,2.5,21,42.025634765625,60.625,93.941920809996,100,23.0173409040289,NA,0.30979,353.9151,5.5561285,13.3266735,NA,69.31595485527545,0.803,41,1.212121605873108,62.83,NA,NA,NA,42,56.4
"Uzbekistan","UZB",2023,"Lower middle income","Europe & Central Asia",80.3,67.7777666666667,62,65.9,40.5,NA,NA,32,NA,NA,2.3,31.2,-0.283767521381378,3725.67414578523,0.622805714607239,2.5,30,32.3652610778808,82.5,79.8452982407754,100,18.8752331478207,NA,5.26905,227.1577,NA,5.7678466,30.390083165217,69.2398369111281,0.727,42.6,-0.2089206725358963,45.73,NA,NA,NA,49,39
"Sri Lanka","LKA",2023,"Lower middle income","South Asia",80.2,80.0000333333333,26,50.5,92.5,NA,NA,16,NA,NA,1,37.7,-0.25227889418602,3968.6762893616,0.598324298858643,4.1,29,14.8060665130615,65.625,47.1275328737655,100,17.9191216588704,NA,0.39502,38.8045,0.0746256,29.8619995,15.8809829563716,67.43285084033613,0.782,38.8,-0.4384901076555252,45.85,NA,NA,NA,47,34.1
"Egypt, Arab Rep.","EGY",2023,"Lower middle income","Middle East & North Africa",80.1,82.2222666666667,18,39.7,134.5,17,17,22,NA,NA,1.5,31.9,-0.239516973495483,4111.24924442966,0.494374662637711,8.5,17,56.1192741394043,50.625,NA,100,14.8996245518332,0.89992,3.73367,377.7496,4.9514875,13.136055,30.3715546973076,69.14519442322386,0.731,43.7,-0.18249867856502533,33.37,NA,NA,NA,107,28
"Kazakhstan","KAZ",2023,"Upper middle income","Europe & Central Asia",79.8,78.8889,33,63.9,48.5,26,26,42,NA,NA,0,29.2,0.146814674139023,11453.3952725363,0.628506422042847,2.5,13,10.4149551391601,75.625,89.3499692261019,100,12.2507140249179,0.79376,2.8957,331.3255,50.7280922,10.0298576,47.3521171451792,71.10864993633815,0.811,47.8,-0.43329542875289917,45.87,NA,NA,NA,77,46.1
"Argentina","ARG",2023,"Upper middle income","Latin America & Caribbean",79.5,78.8889,33,42.6,118.5,47,36,50,NA,NA,0.6,40.7,-0.377517342567444,12933.2497342121,0.602144718170166,3.2,45,59.1471900939941,79.375,NA,100,16.3174987404154,15.93801,1.14782,382.962,11.767086,8.6914997,51.3539448345211,74.40464068627452,0.842,47,-0.36003653705120087,73.36,NA,NA,NA,60,54.4
"Ecuador","ECU",2023,"Upper middle income","Latin America & Caribbean",79.1,65.5555666666667,67,64.8,45,23,23,35,NA,NA,3.8,44.6,-0.494244992733002,6238.15868442687,0.594254851341248,13.9,66,65.9371261596679,89.375,67.0895117739847,100,12.4461143979461,NA,2.54171,76.9437,19.1484432,23.4213009,19.0577914584092,70.14241855742297,0.74,51.3,-0.9605680704116821,60.51,NA,NA,NA,82,50.8
"Ukraine","UKR",2023,"Upper middle income","Europe & Central Asia",78.7,72.2222,49.5,61.1,53,47,34,55,NA,NA,0,25.6,-0.357320100069046,2159.94653320313,0.631387114524841,5.8,17,NA,85,87.6207250140124,100,8.24711582215798,1.1,1.9901,208.4553,9.2397871,12.9621906,12.3588761006994,74.80652618998649,0.773,54.6,0.2974143624305725,61.19,NA,NA,NA,101,38.9
"Belarus","BLR",2023,"Upper middle income","Europe & Central Asia",78.7,83.3333333333333,16.5,58.9,64,13,13,19,NA,NA,0,24.4,-0.991465747356415,6482.80295076287,0.700078189373016,2.5,1,NA,75.625,93.0997559157322,100,23.0091767572743,2.27611,0.14274,99.8742,NA,13.8429871,16.160026250228398,78.59558781512605,0.808,58.2,0.7798255085945129,37.17,NA,NA,NA,62,43.9
"Mauritius","MUS",2023,"Upper middle income","Sub-Saharan Africa",78.3,85.5555666666667,12.5,52.2,85.5,26,26,NA,NA,NA,0.1,36.8,0.710137605667114,11319.2352240984,0.62185925245285,5.9,84,NA,89.375,NA,100,11.0505538400735,NA,0.71263,6.409,0.0038782,4.725389,14.015099576774,70.44766542770954,0.802,47.3,-0.07949971966445446,65.56,NA,NA,NA,81,39.7
"Jordan","JOR",2023,"Lower middle income","Middle East & North Africa",78.1,77.7778333333333,35,66.3,37,16,16,22,NA,NA,0,33.7,0.386213511228561,3950.31227288316,0.553174376487732,17.9,41,62.24605178833,59.375,85.7091310193345,100,17.3194611891055,16.72229,0.37097,34.5392,0.9820715,4.4762559,16.1090235958224,69.05791284695695,0.72,47.3,-0.12467296794056892,42.79,NA,NA,NA,100,42.8
"United Arab Emirates","ARE",2023,"High income","Middle East & North Africa",77.6,NA,NA,80.1,9,25,25,27,NA,NA,0,26.4,1.60428190231323,42507.787339453,0.673011898994446,2.7,9,25.9162464141845,82.5,NA,100,10.8457903419819,NA,1.95563,295.1103,11.4804478,19.351305,NA,70.5168487718164,0.911,51.6,0.05093387933447957,42.99,NA,NA,NA,33,39.6
"Senegal","SEN",2023,"Lower middle income","Sub-Saharan Africa",77.2,66.6666333333333,65,47.6,101,14,14,12,NA,NA,9.9,36.2,0.0696751922369003,1463.19101905166,0.420110791921616,4.6,261,68.5682296752929,72.5,26.6925904153209,67.9,15.1703343548298,31.60484,0.28954,30.6145,1.8515626,26.3941708,36.644656049268,63.38948291316527,0.511,43.8,-0.7177793681621552,55.82,NA,NA,NA,117,32.8
"Kyrgyz Republic","KGZ",2023,"Lower middle income","Europe & Central Asia",76.8,90,5,51,89,17,17,24,NA,NA,0.3,26.4,-0.890727877616882,1264.17439486467,0.596617102622986,6.1,50,64.4912490844726,76.875,76.4871521039571,99.7,12.6030231293252,2.43932,7.01922,21.9396,NA,6.7056727,17.6810529923845,74.19437990832698,0.692,42.8,-0.2908305376768112,49.91,NA,NA,NA,76,42.4
"Peru","PER",2023,"Upper middle income","Latin America & Caribbean",76.5,80,29,59.7,57.5,32,32,38,NA,NA,2.7,40.3,-0.491872787475586,6552.55403560046,0.6051926612854,7,69,44.4424438476562,95,51.9852117120259,96.2,12.6842073742838,34.47168,0.11317,105.1089,7.9589729,22.5196667,17.5569775386305,71.88470807231987,0.762,46.5,-0.7110911905765533,52.74,NA,NA,NA,52,54.9
"Tunisia","TUN",2023,"Lower middle income","Middle East & North Africa",75.8,58.8889,84,57,68.5,31,31,23,NA,NA,0.3,33.7,-0.300515085458755,3958.56222854122,0.516809940338135,3.2,37,65.532859802246,64.375,74.3034603115934,100,15.1406783280695,7.64301,1.8475,49.8201,1.0355213,7.9146757,23.2207170332916,72.53121019862492,0.731,45.3,0.2221500724554062,50.11,NA,NA,NA,79,31.5
"Paraguay","PRY",2023,"Upper middle income","Latin America & Caribbean",75.6,65.5555666666667,67,54.5,81,34,27,34,NA,NA,1.3,45.1,-0.462065368890762,6431.71872824395,0.528180062770844,4.5,71,77.7440109252929,94.375,64.2206042704366,100,19.4302909553544,15.1,0.10182,45.5653,NA,14.3147202,9.55878482707862,68.0215472516046,0.717,39.5,-0.6031569242477417,55.96,NA,NA,NA,88,40.3
"Morocco","MAR",2023,"Lower middle income","Middle East & North Africa",75.4,66.6666666666667,63.5,70.5,25.5,19,19,12,NA,NA,1.4,39.5,-0.0359151102602482,3403.31982421875,0.504116356372833,6.9,72,59.7595329284668,75.625,74.8241993528604,100,14.4912591450622,10.85088,0.13343,114.7707,0.6756215,2.2007163,9.22095490225447,70.85061428571427,0.683,39.5,-0.5500589311122894,43.69,NA,NA,NA,86,33.6
"Montenegro","MNE",2023,"Upper middle income","Europe & Central Asia",74.9,85.5555666666667,12.5,49.4,95,18,18,NA,NA,NA,2,34.3,0.247063115239143,8403.3387654549,0.633181810379028,2.5,6,15.8112621307373,85,85.1189179871969,100,3.17626692457868,8.8,0,NA,0.5798241,13.8518906,18.533166804133,73.05490732747644,0.832,47.7,NA,74.28,NA,NA,NA,103,44.1
"El Salvador","SLV",2023,"Upper middle income","Latin America & Caribbean",74.9,82.2222333333333,20.5,39.4,139,17,17,13,NA,NA,3.4,38.8,0.0504390224814415,4481.19664108356,0.546176612377167,6.8,43,69.0736236572265,88.75,NA,100,14.0033020124284,16.5,1.32163,13.0739,0.7070335,8.6441994,82.9782417474145,68.60839584924878,0.675,41.6,-0.07813728973269463,51.36,NA,NA,NA,98,40.8
"Burkina Faso","BFA",2023,"Low income","Sub-Saharan Africa",74.3,67.7778,60,50.9,90,22,22,23,NA,NA,25.3,37.4,-0.826227486133575,744.165760639938,0.383691936731339,15.4,264,73.8611907958984,82.5,NA,19.5,10.690704838578,26.55025,0.14709,36.4971,NA,16.4263744,14.2575055905584,52.91946471521943,0.449,42.2,-0.7772104144096375,67.64,NA,NA,NA,132,29.8
"Guatemala","GTM",2023,"Upper middle income","Latin America & Caribbean",74.3,73.3333333333333,42.5,36.2,150,26,24,19,NA,NA,9.5,48.3,-0.897167265415192,4470.75416315328,0.461270093917847,12.6,96,78.5161895751953,73.75,56.293305047255,99.1,13.9897982794558,37.6,0.13192,45.0183,0.8059852,20.119276,9.14783238047053,59.40501610644257,0.627,32.5,-0.24547652155160904,48.12,NA,NA,NA,104,29.1
"Dominican Republic","DOM",2023,"Upper middle income","Latin America & Caribbean",74.1,72.2222333333333,46,55.7,76,30,30,35,NA,NA,0.8,37,0.12803441286087,8857.40278693789,0.502766907215118,4.6,107,77.7178573608398,86.25,44.9411768110773,98.1,13.7450300015722,11.24888,0.01463,41.8585,17.276762,26.3893795,18.810806572052,73.12110045836515,0.767,47.7,-0.04029753804206848,71.88,NA,NA,NA,89,34.5
"India","IND",2023,"Lower middle income","South Asia",73.6,76.6667,37.5,52,87,48,39,47,NA,NA,12.9,32.8,0.47511014342308,2236.31279250417,0.493510901927948,13.7,103,56.0705604553222,74.375,NA,99.2,12.9326639775892,49.01085,0.36045,3940.7995,0.2408831,7.5188894,10.143265701952,63.98557149859946,0.633,27.6,0.5119380205869675,36.62,NA,NA,NA,112,42.8
"Rwanda","RWA",2023,"Low income","Sub-Saharan Africa",73.1,73.3333333333333,42.5,59,62,21,21,25,NA,NA,52,43.7,0.388362646102905,1004.21571099829,0.379552751779556,31.4,259,NA,91.875,NA,50.6,9.86397293338408,38.34923,0.04931,9.0318,NA,9.1052475,15.3207102230575,60.86815981325863,0.534,33.9,-0.77310711145401,46.58,NA,NA,NA,116,33.1
"Bolivia","BOL",2023,"Lower middle income","Latin America & Caribbean",72.5,66.6666666666667,63.5,49.8,94,26,26,22,NA,NA,2,40.9,-0.639481067657471,3226.08755673382,NA,23,161,NA,88.75,NA,99.9,10.1857964276631,46.62568,1.6988,58.463,NA,30.8655682,14.254761447151,68.07817487055429,0.692,45.3,-1.0451563000679016,51.09,NA,NA,NA,113,29.9
"Viet Nam","VNM",2023,"Lower middle income","East Asia & Pacific",72.3,74.4444666666667,40.5,54.1,82,18,18,33,NA,NA,1,36.1,0.126466900110245,3760.39771392507,NA,5.2,46,18.1209163665771,88.125,57.7814114254904,100,23.8827677952544,5.76598,0.12234,488.8638,0.5608906,7.5767808,7.55704628613892,73.31994976445127,0.703,24.6,0.2172698751091957,24.58,NA,NA,NA,44,42.9
"Panama","PAN",2023,"High income","Latin America & Caribbean",72.3,61.1111,76,45.8,105,30,20,35,NA,NA,1.3,48.9,-0.209720730781555,16872.8834654731,0.501601994037628,5.6,50,78.5126113891601,79.375,NA,95,4.98216674253707,16.3,0,18.4776,26.8447285,31.3670845,NA,69.08854108734403,0.805,52.9,-0.19720511138439178,63.67,NA,NA,NA,57,53.5
"Uganda","UGA",2023,"Low income","Sub-Saharan Africa",72,71.1111333333333,53,46.5,103,16,16,31,NA,NA,42.1,42.7,-0.549508571624756,955.745797275462,0.384176582098007,36.9,284,81.9233627319335,83.75,18.6814232075292,47.1,15.6493486803365,54.01214,0,56.4904,NA,16.0618458,25.8224370036681,56.12510122527799,0.525,35.8,-0.6760292053222656,46.08,NA,NA,NA,133,36.5
"Bangladesh","BGD",2023,"Lower middle income","South Asia",70.8,60,80.5,37.5,144,16,16,24,NA,NA,5,33.4,-0.697334110736847,1885.37733613545,0.46403643488884,11.9,123,51.2200012207031,49.375,59.1092953183807,99.4,22.3420188692022,51.86921,0.72524,281.0516,5.3569427,4.6059628,12.5939799449972,64.34565575502928,0.661,28.1,-0.8069685399532318,35.31,NA,NA,NA,106,35.5
"Kenya","KEN",2023,"Lower middle income","Sub-Saharan Africa",70.6,57.7778,88,40.2,131,34,34,26,NA,NA,36.1,38.7,-0.303605198860168,1808.40479129677,0.546752512454987,34.5,530,79.2863388061523,83.75,NA,76,7.60392978770129,50.81331,0,117.8948,0.7314262,12.191143,30.1791259214119,62.17389509803923,0.575,36.9,-0.5121494829654694,51.15,NA,NA,NA,114,38.8
"Tanzania","TZA",2023,"Lower middle income","Sub-Saharan Africa",69.9,63.3333333333333,69.5,54.9,78.5,23,23,NA,NA,NA,44.9,40.5,-0.455080926418304,1092.86413574219,0.389834702014923,23.8,238,NA,81.25,11.3356525332316,45.8,8.39851072325448,40.88048,NA,89.3479,3.0150361,38.3785095,15.8226238449655,58.20372968551057,0.549,43.6,-1.052000880241394,44.02,NA,NA,NA,128,31.3
"Zimbabwe","ZWE",2023,"Lower middle income","Sub-Saharan Africa",69.7,58.8889,84,42.1,121,9,9,NA,NA,NA,39.8,50.3,-1.17033493518829,1410.7373112787,0.46689310669899,38.1,357,NA,86.875,26.5164278963248,50.1,16.4294739729067,21.56821,0,30.1529,NA,27.2147465,15.2693687383439,57.7616263335031,0.593,51.6,-1.0191833078861237,48.17,NA,NA,NA,141,32.4
"Bosnia and Herzegovina","BIH",2023,"Upper middle income","Europe & Central Asia",69.4,60,80.5,45.3,107,14,14,NA,NA,NA,0.1,33,-0.967812538146973,6507.01987550791,0.57968407869339,2.5,6,NA,85,86.9706794612828,100,13.3201929367894,4,0.21814,29.141,0,4.0636635,12.8671221091446,73.9906610428787,0.78,46,0.5623944699764252,65.43,NA,NA,NA,95,35.4
"Niger","NER",2023,"Low income","Sub-Saharan Africa",68.9,68.8889,58,35.3,153.5,NA,NA,NA,NA,NA,50.6,32.9,-0.640915930271149,562.137571413883,0.31568518280983,13.3,441,90.4368209838867,53.75,NA,19.5,7.17604391295824,70.44397,1.0794,43.2401,NA,18.1990204,15.5333562546393,49.85663266148884,0.4,40,-0.9892336130142212,66.84,NA,NA,NA,143,28.7
"Cote d'Ivoire","CIV",2023,"Lower middle income","Sub-Saharan Africa",68.9,71.1111333333333,53,19.6,186,NA,NA,20,NA,NA,9.7,35.3,-0.359512031078339,2302.7469807991,0.379889339208603,9.6,480,79.8854217529296,95,43.8921552555398,70.4,14.3695853908239,53.21082,0,36.1772,0.0725756,22.9614124,19.6990985743176,62.72436239495798,0.55,42.9,-0.9857513606548309,68.83,NA,NA,NA,151,31.2
"Pakistan","PAK",2023,"Lower middle income","South Asia",68.6,72.2222333333333,46,42.8,117,10,10,NA,NA,NA,4.9,29.6,-0.577790379524231,1616.39906887866,0.406070023775101,20.7,154,79.5432510375976,58.75,50.6017785742925,95,13.5972826150525,55.97371,0.51992,546.0993,0.7665293,12.3145857,43.1148388562383,57.02356065111359,0.544,25.5,-0.5197410881519318,39.95,NA,NA,NA,124,30.4
"Myanmar","MMR",2023,"Lower middle income","East Asia & Pacific",68.6,74.4444666666667,40.5,48.6,96,9,9,NA,NA,NA,2,30.7,-1.75280201435089,1177.76649645503,0.477652013301849,5.3,179,89.4679412841796,58.75,57.3964993719658,73.7,21.865424267653,58.28105,1.04075,169.3869,0.477839,6.5800591,6.76342469120233,62.82239358288771,0.585,27.1,-0.9018512070178986,28.26,NA,NA,NA,109,38.3
"Ghana","GHA",2023,"Lower middle income","Sub-Saharan Africa",68.2,71.1111333333333,53,41.4,125,25,25,28,NA,NA,25.2,43.5,-0.092661589384079,2086.80608066,0.450056403875351,6.2,263,NA,75,44.4680831984093,85.1,11.2261743237326,33.48685,0.19819,53.0073,0.0966918,14.8440571,4.95203011552593,63.04933739495799,0.632,36.9,-0.5540314763784409,65.93,NA,NA,NA,119,34.3
"Benin","BEN",2023,"Lower middle income","Sub-Saharan Africa",68,62.2222666666667,71.5,50.6,91,13,13,14,NA,NA,12.7,34.4,-0.218984127044678,1263.62565116943,0.400290727615356,10.3,523,55.7761039733886,83.75,NA,56.5,10.0623240938399,67.93293,1.27828,20.6851,0,29.6433258,21.1553620109464,56.77432464985994,0.525,37.8,-0.7287351191043854,52.44,NA,NA,NA,147,25.4
"Gambia, The","GMB",2023,"Low income","Sub-Saharan Africa",67.9,70.0000333333333,56,46,104,NA,NA,20,NA,NA,17.2,38.8,-0.590593457221985,727.838723280227,0.421570628881455,20.5,458,NA,69.375,47.6746525259498,65.4,1.50785255045232,38.89309,0,2.3435,0.6038402,7.7185812,8.29252130836023,57.60612773109244,0.5,37.6,NA,71.06,NA,NA,NA,139,28.7
"Jamaica","JAM",2023,"Upper middle income","Latin America & Caribbean",67.4,54.4444666666667,100.5,56.9,70,32,32,31,NA,NA,0.3,40.2,0.407290458679199,5328.61624140582,0.534977912902832,7.3,99,NA,74.375,NA,100,7.95469763859838,NA,0.00279,7.7068,0.7716407,20.0014114,31.005708226215,69.51411581996433,0.709,48.5,-0.36759379506111145,75.89,NA,NA,NA,67,31.8
"Azerbaijan","AZE",2023,"Upper middle income","Europe & Central Asia",66.8,80,29,56.8,71.5,NA,NA,22,NA,NA,NA,NA,-0.0326422192156315,5651.34563872949,0.577767550945282,2.5,41,37.5467720031738,85,71.6117027151749,100,5.77844080142758,26.92667,1.46575,68.8769,0.4369289,10.1551256,4.91481192939088,72.19891170104405,0.745,40.5,-0.9287748336791992,39.93,NA,NA,NA,85,34.7
"Qatar","QAT",2023,"High income","Middle East & North Africa",66.8,NA,NA,39.5,137,21,21,22,NA,NA,0,35.1,1.19741261005402,65111.0333213131,0.637771606445313,NA,8,21.058874130249,35.625,96.654816058767,100,8.66470474323107,NA,0.31664,194.6521,2.2920616,15.7816658,NA,64.93368095874713,0.855,46.8,-0.32171738892793655,55.28,NA,NA,NA,38,48.7
"Togo","TGO",2023,"Low income","Sub-Saharan Africa",66.1,67.7778,60,42,122,15,15,15,NA,NA,26.6,37.9,-0.578052043914795,896.874686928368,0.431868046522141,12.8,399,81.6579208374023,97.5,19.4177904317129,57.2,12.6916902899689,38.5,1.43618,11.0876,0.1996491,27.9759121,11.3023378676071,58.37361323529412,0.539,35.7,-1.0552805066108704,63.06,NA,NA,NA,142,27.8
"Honduras","HND",2023,"Lower middle income","Latin America & Caribbean",65.8,56.6666666666667,95,36.8,148.5,NA,NA,25,NA,NA,12.7,48.2,-0.795222759246826,2527.43851176243,0.481023132801056,20.4,72,79.2916030883789,75,65.2067969400954,94.4,15.3233829905193,31.5,0.29499,23.7448,4.5779133,23.4505939,17.0642212949418,61.99975246371276,0.621,40.2,-0.6954925358295441,32.65,NA,NA,NA,99,26.2
"Malawi","MWI",2023,"Low income","Sub-Saharan Africa",65.6,70,57,38.1,141,14,14,15,NA,NA,70.1,38.5,-0.859506547451019,556.744034801608,0.413240641355515,19.9,381,NA,80,17.7570796234108,14,9.47620107116374,49.78452,0,20.8724,NA,22.8760471,9.72710158706719,56.75348296706561,0.512,35.1,-0.7666074335575104,60.34,NA,NA,NA,121,28.5
"Maldives","MDV",2023,"Upper middle income","South Asia",65.3,63.3333333333333,69.5,42.6,118.5,NA,NA,NA,NA,NA,0,29.3,-0.127973482012749,11485.5546954096,NA,NA,57,NA,73.75,NA,100,1.97939530160196,34.845,2.49223,2.4243,0.0675951,2.2973638,10.0931555815854,70.93105476190476,0.747,38.1,NA,56.93,NA,NA,NA,NA,32
"Belize","BLZ",2023,"Upper middle income","Latin America & Caribbean",65.1,58.8889,84,43.9,111.5,NA,NA,24,NA,NA,NA,NA,-0.376311779022217,6212.26051785042,NA,4.6,130,NA,82.5,NA,98.6,6.29636271744624,15.72533,0,0.9766,11.0191832,37.5465813,7.67721470907018,65.54565412341408,0.683,47.4,NA,70.49,NA,NA,NA,91,29.7
"Liberia","LBR",2023,"Low income","Sub-Saharan Africa",65.1,57.7777666666667,91.5,38.9,140,NA,NA,17,NA,NA,27.6,35.3,-1.35536432266235,653.329188343162,0.319014221429825,38.4,652,NA,81.25,NA,31.8,2.27703502919099,63.88484,0,5.3112,0.1033426,4.053,10.7008354107405,52.48159954163484,0.481,34.3,-1.321767807006836,64.34,NA,NA,NA,160,35.7
"Cambodia","KHM",2023,"Lower middle income","East Asia & Pacific",65,60,80.5,37.4,145.5,NA,NA,13,NA,NA,NA,NA,-0.305874288082123,2083.59301849948,0.491589874029159,4.6,218,90.0033493041992,81.25,29.131279569715,92.3,26.3329383959453,39.7,0.15731,50.0153,1.4415576,39.738636,8.71126121495421,64.89810441813087,0.593,31.2,-0.36143992841243744,42.02,NA,NA,NA,92,31.1
"St. Lucia","LCA",2023,"Upper middle income","Latin America & Caribbean",64.8,56.6666666666667,95,52.7,84,14,14,21,NA,NA,0.1,43.7,0.0738346204161644,11440.0632358822,0.602564752101898,NA,73,NA,83.75,NA,100,3.30874508489042,NA,0.01082,0.4334,0.2185499,18.7452087,4.71032226199141,NA,0.715,51.1,NA,NA,NA,NA,NA,NA,34.7
"Nepal","NPL",2023,"Lower middle income","South Asia",64,72.2222333333333,46,43.3,114,18,18,19,NA,NA,0.4,30,-0.807803750038147,1136.09335013717,0.504601776599884,5.7,174,NA,80.625,16.1166371410422,91.3,4.57162698347607,40.2822,0.08031,56.7046,NA,23.6260414,12.2732062900187,67.07269277565572,0.602,33.1,-0.34408724308013916,57.89,NA,NA,NA,118,34
"Seychelles","SYC",2023,"High income","Sub-Saharan Africa",64,72.2222,49.5,38,142.5,NA,NA,NA,NA,NA,0.5,32.1,0.624744176864624,16715.2650923889,0.632779061794281,2.5,3,NA,76.25,NA,100,5.56395750647466,NA,0,1.1994,32.8150177,61.5208778,NA,NA,0.785,47.9,NA,75.71,NA,NA,NA,39,31.8
"Samoa","WSM",2023,"Lower middle income","East Asia & Pacific",63.8,57.7778,88,41.8,123.5,NA,NA,NA,NA,NA,1.2,38.7,0.492577105760574,4003.07590158729,0.54842168092727706,5.4,59,NA,75,62.1917137502586,98.3,5.09930342233536,NA,0,0.5484,0.1440134,8.2248735,10.3243626785618,NA,0.707,47.1,NA,82.15,NA,NA,NA,NA,28.8
"Botswana","BWA",2023,"Upper middle income","Sub-Saharan Africa",63.3,50,110.5,50.5,92.5,12,12,20,NA,NA,15.4,53.3,0.430828422307968,7235.92910677284,0.414028495550156,24.3,186,50.8376502990722,63.75,NA,75.9,5.62873781931058,39.6,0,12.5832,NA,29.1432571,3.75299476903513,63.44195890289449,0.693,49.2,-1.016453504562378,64.61,NA,NA,NA,131,33.6
"Brunei Darussalam","BRN",2023,"High income","East Asia & Pacific",63.2,NA,NA,54.9,78.5,NA,NA,NA,NA,NA,NA,NA,1.4017870426178,28725.115657314,0.626391351222992,NA,44,NA,53.125,NA,100,10.3563505081171,NA,1.3317,14.8294,0.2010988,46.8721199,NA,67.04245868347338,0.829,48.3,NA,44.2,NA,NA,NA,NA,43.5
"Bhutan","BTN",2023,"Lower middle income","South Asia",63.1,60.0000333333333,77.5,44,110,NA,NA,NA,NA,NA,0,28.5,0.566305339336395,3349.73309611324,0.475297033786774,NA,60,NA,75,73.3419919439661,100,8.72709228683948,NA,0,3.0709,NA,49.6693344,16.298782280732,72.5173668907563,0.666,43.3,NA,59.25,NA,NA,NA,NA,39.8
"Mali","MLI",2023,"Low income","Sub-Saharan Africa",63,60,80.5,39.5,137,9,9,NA,NA,NA,20.8,35.7,-1.13859808444977,743.273871368099,0.318269580602646,9.6,440,90.438362121582,63.75,NA,53,15.1176772007443,41.92883,0.25806,49.3832,NA,7.5270495,5.8204645357203,56.80570659197013,0.428,34.5,-0.9364942908287048,52.29,NA,NA,NA,144,29
"Iran, Islamic Rep.","IRN",2023,"Upper middle income","Middle East & North Africa",63,75.5555666666667,39,40.8,132,NA,NA,NA,NA,NA,0.5,34.8,-1.02239692211151,5667.52647829172,0.593404471874237,6.5,22,41.5363006591796,31.25,94.2212514688695,100,19.411335490135,NA,19.2038,951.8312,0.8045548,8.6141329,0.337008948782267,68.95661029411767,0.774,41.8,-0.17985526472330093,24.81,NA,NA,NA,58,36.5
"Algeria","DZA",2023,"Upper middle income","Middle East & North Africa",62.7,49.9999666666667,112,30.1,171,NA,NA,NA,NA,NA,0,27.6,-0.670135140419006,4660.40545686886,0.534556448459625,2.5,78,NA,57.5,70.5979339572563,100,9.29539942964952,13.26502,7.01864,284.4451,0.0680226,4.6404362,0.764096150519173,70.47307164502165,0.745,41.7,-0.8639390468597412,45.74,NA,NA,NA,70,26.2
"Barbados","BRB",2023,"High income","Latin America & Caribbean",62.5,NA,NA,22.2,183,NA,NA,NA,NA,NA,NA,NA,0.380443245172501,19734.2380260921,NA,3.5,39,NA,80,NA,100,5.59575404659718,NA,0,0.928,0.0055785,1.2701082,NA,69.18929658193595,0.79,53.1,NA,NA,NA,NA,NA,NA,34.9
"Zambia","ZMB",2023,"Lower middle income","Sub-Saharan Africa",62.5,53.3333666666667,104,32.8,164,10,10,NA,NA,NA,64.3,51.5,-0.658970057964325,1330.85998216751,0.396927535533905,35.4,135,98.5042114257812,81.25,NA,47.8,8.50295879923877,48.25813,0.8487,30.3001,NA,41.2593994,8.23786164562046,54.4395147597827,0.565,46.7,-0.7173288762569427,59.41,NA,NA,NA,137,26.5
"Mauritania","MRT",2023,"Lower middle income","Sub-Saharan Africa",62.5,61.1111333333333,75,40.5,129.5,NA,NA,NA,NA,NA,5.4,32,-0.763598620891571,1630.27171808744,0.381546080112457,9.3,464,NA,48.125,NA,49,6.48670344146221,56,3.16842,16.6699,4.1534376,0.6219882,10.1734022642487,58.16912821492234,0.556,34.6,-1.4235132932662964,59.45,NA,NA,NA,138,26.2
"Kuwait","KWT",2023,"High income","Middle East & North Africa",62.4,NA,NA,39.7,134.5,NA,NA,NA,NA,NA,NA,NA,0.0075402706861496,24155.1872264077,0.562588036060333,2.5,7,51.0825309753418,38.125,100,100,7.6290564958792,NA,3.79516,167.862,1.3642544,17.1037788,NA,63.76225842050106,0.831,44.4,-0.5037378519773483,38.84,NA,NA,NA,43,36.8
"Angola","AGO",2023,"Lower middle income","Sub-Saharan Africa",62.3,45.5555666666667,122.5,35.8,151,NA,NA,11,NA,NA,31.1,51.3,-1.00890958309174,2332.88691268977,0.362405389547348,23.2,222,NA,79.375,NA,48.5,7.99574282011019,62.6,1.02424,66.4801,0.0049298,6.9714265,33.4182205067185,51.92935085306851,0.586,40.1,-0.9837695360183716,48.3,NA,NA,NA,158,29.1
"Timor-Leste","TLS",2023,"Lower middle income","East Asia & Pacific",62.1,71.1111333333333,53,35.5,152,NA,NA,NA,NA,NA,24.4,28.7,-0.841954410076141,1278.41861343542,0.454314529895783,15.9,204,NA,86.25,NA,99.7,1.64499841315776,33.9,4.70623,2.4757,1.37165,15.997529,2.05821362619951,NA,0.607,49.9,NA,84.49,NA,NA,NA,NA,27.8
"Sierra Leone","SLE",2023,"Low income","Sub-Saharan Africa",61.8,60.0000333333333,77.5,48.1,97.5,22,14,12,NA,NA,26.1,35.7,-1.1555837392807,1102.44133602893,0.36270210146904,28.4,443,NA,92.5,10.262418642337,29.4,7.6701172917829,50.64661,0.08621,7.1231,1.6274395,12.7496834,11.9567389764749,58.19469309269162,0.477,39.9,NA,62.55,NA,NA,NA,162,32.7
"Tonga","TON",2023,"Upper middle income","East Asia & Pacific",61.2,54.4444333333333,102.5,43.2,115.5,NA,NA,NA,NA,NA,0,27.1,-0.115239478647709,4594.63428376463,0.531120657920837,NA,126,NA,58.75,29.5287016952487,100,4.80952576287257,NA,0,0.2841,0.058384,12.5886211,9.50774524280964,NA,0.745,40.4,NA,71.29,NA,NA,NA,NA,26.4
"Eswatini","SWZ",2023,"Lower middle income","Sub-Saharan Africa",61.2,71.1111333333333,53,15.4,188,8,8,NA,NA,NA,36.1,54.6,-0.884958326816559,3726.43642993545,0.37250080704689,12.4,240,NA,46.25,NA,82.3,28.7775897142622,10.8082,0,3.3726,NA,4.2582645,7.30684471429471,57.76397774042951,0.597,38.7,0.15910618752241135,52.66,NA,NA,NA,161,29.3
"Lao PDR","LAO",2023,"Lower middle income","East Asia & Pacific",60.9,62.2222333333333,73.5,43.2,115.5,NA,NA,NA,NA,NA,7.1,38.8,-0.6432785987854,2648.88726608035,0.456665337085724,5.4,126,97.71728515625,85.625,17.8720755715615,100,9.24787735815749,21.8,0.33311,36.8615,NA,18.687561,12.2455417488436,62.95357081232493,0.607,26.3,-0.6621337532997131,36.66,NA,NA,NA,111,34.8
"Nigeria","NGA",2023,"Lower middle income","Sub-Saharan Africa",60.9,53.3333333333333,105.5,44.6,109,21,21,24,NA,NA,30.9,35.1,-0.847906708717346,2416.36198205178,0.360609829425812,18,1047,NA,66.25,28.9848848748333,60.5,15.3637990881922,48.98206,0.34195,407.6597,0.0167093,13.9266491,14.6747814734337,54.58022013378777,0.535,37.9,-1.816265046596527,49.56,NA,NA,NA,157,38
"Fiji","FJI",2023,"Upper middle income","East Asia & Pacific",60.8,56.6666666666667,95,41.8,123.5,NA,NA,NA,NA,NA,1.3,30.7,0.490778684616089,5736.82889741943,0.508573293685913,7.8,38,NA,82.5,41.8635812237094,92,9.36178638623614,9.4,0.66517,2.9823,0.9248796,5.4111967,6.85146759884762,72.28938035983623,0.73,46,NA,59.27,NA,NA,NA,NA,25.8
"Mozambique","MOZ",2023,"Low income","Sub-Saharan Africa",60.8,62.2222666666667,71.5,35.3,153.5,10,10,10,NA,NA,74.5,50.3,-0.716628909111023,610.174972826279,0.362116664648056,24.8,127,NA,82.5,NA,33.2,7.11539721208435,54.95891,0,40.0721,2.1459141,29.4848003,45.3365016493723,54.34930105042017,0.446,39,-1.2935773730278015,56.13,NA,NA,NA,150,30.4
"Ethiopia","ETH",2023,"Low income","Sub-Saharan Africa",60.7,47.7777666666667,116,40.5,129.5,19,19,NA,NA,NA,27,35,-0.768662095069885,875.373675519289,0.382784843444824,22.2,267,90.3896408081054,80,13.2378982432178,55,4.47942215523689,64.31438,1.07542,192.4435,NA,17.0096378,14.3417897109593,55.23687073762839,0.498,36.3,-0.9961623549461365,47.7,NA,NA,NA,122,37.8
"Cabo Verde","CPV",2023,"Lower middle income","Sub-Saharan Africa",60.5,65.5555666666667,67,43.9,111.5,NA,NA,NA,NA,NA,4.6,42.4,0.0136766647920012,4195.75433916189,NA,12.6,42,NA,86.25,NA,97.1,4.70297786195699,NA,0,1.3033,6.77e-4,2.8952403,16.0900922244494,68.21100045248869,0.662,38,NA,75.72,NA,NA,NA,73,34.1
"China","CHN",2023,"Upper middle income","East Asia & Pacific",59.5,80,29,37.4,145.5,31,22,40,NA,NA,0,35.7,0.679014027118683,12175.1961147248,0.65310263633728,2.5,23,18.2000007629394,78.125,NA,100,26.1806435806937,NA,0.1896,15662.1317,5.4790087,15.616046,10.2761912052145,70.85255887739712,0.768,35.4,1.3495085835456848,22.97,NA,NA,NA,5,47.5
"Namibia","NAM",2023,"Upper middle income","Sub-Saharan Africa",58.7,51.1111333333333,108,37,147,14,14,19,NA,NA,15.6,59.1,0.0308966562151909,3965.35920570222,0.446437537670136,22.2,215,NA,80,NA,56.2,11.2343712069236,41.4,0,13.1028,1.7141997,37.8909302,NA,66.5402668067227,0.615,44,-0.7619970440864563,80.91,NA,NA,NA,125,30.3
"Cameroon","CMR",2023,"Lower middle income","Sub-Saharan Africa",58.5,46.6667,118,43.4,113,11,11,24,NA,NA,23,42.2,-0.906262576580048,1466.76885819356,0.397401511669159,5.7,438,71.9326171875,60,NA,71,13.4874913854821,32.67179,0.21165,43.1713,10.8918982,10.9788837,19.3414660187354,57.27572725999492,0.576,38.6,-1.2465672492980957,45.58,NA,NA,NA,152,28.6
"Oman","OMN",2023,"High income","Middle East & North Africa",58.2,NA,NA,73.4,19,NA,NA,14,NA,NA,NA,NA,0.274613231420517,18098.5776925062,0.608116269111633,5.7,17,40.6137619018554,46.25,90.851749132955,100,9.04015029470957,NA,0.1584,137.2437,0.3299866,3.5802445,NA,66.11480273745862,0.816,51.3,-0.4163898527622223,37.87,NA,NA,NA,55,39.1
"Lebanon","LBN",2023,"Lower middle income","Middle East & North Africa",58.2,44.4444333333333,125,32,166,12,12,NA,NA,NA,0,31.8,-1.58038187026978,5909.03651555028,0.515125513076782,9.6,21,NA,58.75,47.7,100,1.4268298768899501,4.5,13.13085,31.9268,0.2252885,1.8901918,34.4768223164444,63.88868219133808,0.706,39.9,0.2957412227988243,50.46,NA,NA,NA,108,33.4
"Guyana","GUY",2023,"High income","Latin America & Caribbean",58.1,45.5555666666667,122.5,33.4,160,NA,NA,11,NA,NA,NA,NA,-0.294486999511719,23102.6662867381,0.495226472616196,2.5,112,NA,86.875,NA,93,1.86702634436868,12.1402,9.6e-4,7.791,0.0188852,8.5002432,2.65156664307296,66.72504690416274,0.714,49,NA,67.5,NA,NA,NA,120,30.8
"Lesotho","LSO",2023,"Lower middle income","Sub-Saharan Africa",58,67.7778,60,38,142.5,NA,NA,NA,NA,NA,32.4,44.9,-0.953606307506561,974.382482849023,0.400392591953278,NA,566,96.8991394,80.625,28.2174874193037,50,13.9836940594403,25.55318,0.08023,3.0231,NA,0.5031593,8.9043861815729,55.53604307656396,0.514,36.9,NA,64.29,NA,NA,NA,164,30.9
"Iraq","IRQ",2023,"Upper middle income","Middle East & North Africa",57.8,36.6666666666667,135.5,40,132,NA,NA,NA,NA,NA,0.1,29.5,-1.38960635662079,4175.70315667132,0.407643288373947,16.1,76,NA,48.125,59.7426312653863,100,3.56995087223353,49.33894,3.77942,367.9411,0,1.5334121,3.98382452695222,64.176493697479,0.686,30.3,-0.9862832129001617,32.94,NA,NA,NA,115,24
"Suriname","SUR",2023,"Upper middle income","Latin America & Caribbean",57.2,57.7777666666667,91.5,56.1,74.5,NA,NA,NA,NA,NA,1.1,39.2,-0.967238128185272,7195.10209033209,NA,10.1,96,NA,76.875,55.7961520243991,99,25.6105612101276,15.80035,3.55473,4.5003,1.5432239,14.5201387,25.0550344798659,70.01172075375607,0.73,56.9,NA,70.62,NA,NA,NA,123,35
"Afghanistan","AFG",2023,"Low income","South Asia",57.1,57.7778,88,31.4,165,NA,NA,NA,NA,NA,NA,NA,-1.98701369762421,379.707497269884,0.400284141302109,30.4,620,93.2679977416992,31.875,30.0340981310563,85.3,7.60664995853586,73.3,0.72134,29.0264,NA,3.6372566,2.67397501265809,48.23620369238604,0.478,31,-1.2343140840530396,39.75,NA,NA,NA,153,28.8
"Chad","TCD",2023,"Low income","Sub-Saharan Africa",56.4,54.4444666666667,100.5,26.6,176,NA,NA,NA,NA,NA,30.8,37.4,-1.4791487455368,567.181912180859,0.299782782793045,35.1,1063,94.410545349121,66.25,6.24704860480126,11.7,3.19150040080212,82,0.42236,89.8373,NA,20.9712543,7.88063919228386,45.07353292250233,0.394,35.9,-2.3987945318222046,53.73,NA,NA,NA,165,23.9
"Trinidad and Tobago","TTO",2023,"High income","Latin America & Caribbean",56.1,47.7777666666667,116,33.9,159,21,21,22,NA,NA,NA,NA,-0.0436432547867298,16061.9004827224,0.603487730026245,12.6,27,20.644582748413,75,NA,100,22.2417029643588,7.5,2.27679,45.9109,0.048908600000000003,30.5928192,NA,61.8294653685415,0.81,52.5,-0.13060656562447548,76.54,NA,NA,NA,64,36.8
"Antigua and Barbuda","ATG",2023,"High income","Latin America & Caribbean",55.6,44.4444666666667,124,30.6,169,NA,NA,NA,NA,NA,NA,NA,0.380410820245743,18090.7735177058,0.595703899860382,NA,21,NA,68.75,NA,100,2.50030513742114,NA,2.19398,0.3598,0.2999421,19.9374428,NA,NA,0.788,55.6,NA,NA,NA,NA,NA,NA,30
"Palau","PLW",2023,"High income","East Asia & Pacific",55.1,48.8888666666667,114,34.4,157,NA,NA,NA,NA,NA,NA,NA,0.442303985357285,12379.7893768679,0.588113486766815,NA,NA,NA,56.25,90.4408486187601,100,1.11886249698418,NA,NA,1.4181,100,44.176796,NA,NA,0.767,NA,NA,NA,NA,NA,NA,NA,25.5
"Nicaragua","NIC",2023,"Lower middle income","Latin America & Caribbean",53.6,46.6666666666667,119.5,39.8,133,NA,NA,NA,NA,NA,3.9,46.2,-1.08494555950165,2256.77147695561,0.508098244667053,19.6,78,78.9034957885742,86.25,55.5159170451418,86.5,13.7536592798722,67.2,0.18175,21.0252,3.3923588,21.3472767,27.3618264349062,64.66417093837535,0.667,47.4,-0.9733468890190125,37.09,NA,NA,NA,78,36.3
"Madagascar","MDG",2023,"Low income","Sub-Saharan Africa",53.4,54.4445,98.5,32.9,163,NA,NA,NA,NA,NA,80.7,42.6,-1.02277612686157,448.058746204617,0.391991019248962,39.7,392,95.2420349121093,69.375,22.2392232754516,36.1,9.49672393900893,67.42009,0.46468,34.9798,0.9137279,7.4860764,6.10133253801062,51.22264362745098,0.501,30.1,-1.1475334167480469,56.66,NA,NA,NA,145,30.4
"Sao Tome and Principe","STP",2023,"Lower middle income","Sub-Saharan Africa",53.1,57.7778333333333,86,39.5,137,NA,NA,NA,NA,NA,15.7,40.7,-0.90243524312973,1380.60169416257,NA,16.4,146,NA,83.125,36.3006918200211,78,NA,52.6,1.41101,0.2624,0.0267865,29.255909,5.07514487870101,63.01186576168929,0.618,36.2,NA,NA,NA,NA,NA,94,26.6
"Congo, Dem. Rep.","COD",2023,"Low income","Sub-Saharan Africa",52.4,39.9999666666667,130.5,32.6,165,16,16,NA,NA,NA,78.9,44.7,-1.68906629085541,537.269316970327,0.366369277238846,37,547,96.6015014648437,78.75,11.5843357881251,21.5,17.9515017926266,78.36226,0,61.5741,0.2364319,13.853673,1.63073153508213,48.71266631652662,0.479,39.5,-1.9343352317810059,48.55,NA,NA,NA,163,26.1
"St. Vincent and the Grenadines","VCT",2023,"Upper middle income","Latin America & Caribbean",52.4,50,110.5,47,102,NA,NA,NA,NA,NA,NA,NA,0.0738346204161644,9385.71082837004,0.533341825008392,4.8,62,NA,68.125,NA,100,3.13123241027066,NA,0.5515,0.1546,0.2200975,22.4196224,10.7216214559473,NA,0.751,54.2,NA,NA,NA,NA,NA,NA,33.5
"Bahrain","BHR",2023,"High income","Middle East & North Africa",51.6,NA,NA,58.3,66,20,20,22,NA,NA,NA,NA,0.697198748588562,25076.6545031009,0.652472019195557,NA,16,30.1656990051269,68.125,98.9039755631804,100,20.6896213385294,NA,2.26603,69.9762,21.1257343,12.9564543,NA,63.56113506885271,0.875,35.3,0.5548129230737686,30.59,NA,NA,NA,50,36.3
"Vanuatu","VUT",2023,"Lower middle income","East Asia & Pacific",51.1,36.6666666666667,135.5,30.8,168,NA,NA,NA,NA,NA,10,32.3,-0.568605482578278,2627.97526807247,0.454658538103104,7.9,94,NA,55.625,NA,70,2.77656491882666,NA,0,0.5859,0.0076373,4.200532,5.4619284347247,NA,0.607,45,NA,NA,NA,NA,NA,NA,25.9
"Bahamas, The","BHS",2023,"High income","Latin America & Caribbean",49.8,NA,NA,33,162,NA,NA,24,NA,NA,NA,NA,0.270353257656097,31053.8006388734,NA,NA,77,NA,81.25,NA,100,1.00777626669456,NA,0.97833,1.8816,7.9228845,36.6336479,NA,63.7316195726707,0.812,55.9,NA,NA,NA,NA,NA,NA,30.1
"Somalia","SOM",2023,"Low income","Sub-Saharan Africa",49.7,34.4444333333333,140.5,34.3,158,NA,NA,NA,NA,NA,NA,NA,-1.98020255565643,465.160693722591,NA,51.3,621,NA,46.875,NA,48.9,NA,NA,0.00518,33.3582,0,0,16.8645649512308,45.42213455792573,NA,NA,NA,44.24,NA,NA,NA,163,16
"Guinea","GIN",2023,"Lower middle income","Sub-Saharan Africa",49.7,51.1111,109,45.5,106,NA,NA,NA,NA,NA,13.8,29.6,-0.907938599586487,1028.47369985676,0.37094247341156,10.3,553,82.6748275756835,73.75,NA,47.7,12.7453563521224,49.00714,0.01118,29.2804,0.5297288,37.5654716,2.52240258011137,56.42208172268907,0.465,36.5,-1.4110237956047058,59.51,NA,NA,NA,159,26.8
"Kiribati","KIR",2023,"Lower middle income","East Asia & Pacific",49,42.2222,128,29.8,172,NA,NA,NA,NA,NA,1.7,27.8,-0.096573106944561,2003.46946759298,0.492592930793762,3.7,76,NA,76.25,14.4140746669502,94.4,4.90857325898282,NA,0,0.11,11.8151646,22.3604145,NA,NA,0.624,44.3,NA,NA,NA,NA,NA,NA,26.2
"Andorra","AND",2023,"High income","Europe & Central Asia",48.8,NA,NA,NA,NA,NA,NA,NA,NA,NA,NA,NA,1.4754387140274,40227.2335282714,NA,NA,NA,NA,NA,90.640001490064,100,3.39743699615492,NA,NA,NA,NA,26.8572655,NA,NA,0.858,NA,NA,75.05,NA,NA,NA,NA,34.7
"Tajikistan","TJK",2023,"Lower middle income","Europe & Central Asia",48.6,72.2222333333333,46,42.2,120,14,14,12,NA,NA,6.1,34,-0.772318005561829,1407.1075436221,0.504116356372833,8.7,17,NA,78.75,55.2921007475287,100,15.1406689868228,17.06392,5.9269,22.7552,NA,22.2786617,10.5733504414753,68.09484531448942,0.685,32.3,-1.035329908132553,39.06,NA,NA,NA,75,29.3
"Burundi","BDI",2023,"Low income","Sub-Saharan Africa",47.3,57.7777666666667,91.5,40.9,126.5,NA,NA,NA,NA,NA,62.1,37.5,-1.20011341571808,253.530723439042,0.386170625686646,NA,494,95.8188552856445,76.25,NA,10.3,9.36171645020186,36.8,0.12616,7.4799,NA,7.5914717,10.8788543484669,56.07780813258637,0.426,33.5,NA,52.14,NA,NA,NA,134,22.1
"Central African Republic","CAF",2023,"Low income","Sub-Saharan Africa",47.3,36.6666333333333,137.5,25.3,179,NA,NA,NA,NA,NA,65.7,43,-1.73500919342041,398.330979969132,0.291631907224655,23.5,835,NA,77.5,6.12644463898753,15.7,17.9512378857809,68.9131,0.01151,13.4482,NA,18.0648232,9.6680270615754509,44.21442984126983,0.404,39,NA,57.56,NA,NA,NA,167,18.6
"Grenada","GRD",2023,"Upper middle income","Latin America & Caribbean",47.1,54.4444333333333,102.5,16.3,187,NA,NA,NA,NA,NA,0.3,43.8,-0.0060560517013073,9727.65202554404,0.565070509910584,NA,21,NA,80.625,89.9176799999318,94.2,3.57393999741223,NA,0,0.1941,0.0980357,9.5379553,5.94401483496023,NA,0.795,45.8,NA,NA,NA,NA,NA,NA,26.7
"Gabon","GAB",2023,"Upper middle income","Sub-Saharan Africa",46.8,39.9999666666667,130.5,33.1,161,NA,NA,NA,NA,NA,2.5,38,-0.779809296131134,6541.69710787282,0.457612454891205,20.1,227,30.6775608062744,95,NA,93.5,20.1927664794713,44.33265,0.18083,18.6267,28.827137,22.4427567,15.3999017444452,64.87948956582632,0.706,53.3,-0.7980956137180328,58.12,NA,NA,NA,140,21.8
"Papua New Guinea","PNG",2023,"Lower middle income","East Asia & Pacific",45.9,52.2221666666667,107,24.5,181,NA,NA,NA,NA,NA,NA,NA,-0.802389979362488,2496.50840962288,0.429185003042221,27.7,192,NA,60,NA,19,1.66044747765798,NA,1.15925,9.0968,0.1388858,3.6900601,42.9479694496806,51.98788852617971,0.558,36.9,-1.3377507328987122,67.62,NA,NA,NA,149,25
"Guinea-Bissau","GNB",2023,"Low income","Sub-Saharan Africa",45.9,48.8889,113,19.5,182,NA,NA,NA,NA,NA,26,33.4,-1.43258428573608,767.044183086551,NA,32.2,725,NA,51.875,23.871601843252,37.4,11.8976293918707,60.81037,0.14046,3.2433,8.9889765,27.1057301,20.8252890828695,51.8628405085111,0.483,42,NA,61.57,NA,NA,NA,155,21.4
"Sudan","SDN",2023,"Low income","Sub-Saharan Africa",44.7,54.4445,98.5,23.8,160.5,NA,NA,NA,NA,NA,15.3,34.2,-1.97706210613251,767.248779296875,0.377445191144943,11.4,270,NA,32.5,NA,63.2,NA,73.7,1.92474,146.9554,15.9644394,2.2817633,2.95622866961282,49.91405378151261,0.508,39.1,-1.2529364228248596,40.83,NA,NA,NA,127,28.3
"Congo, Rep.","COG",2023,"Lower middle income","Sub-Saharan Africa",43.2,38.8889,133,29.7,168,NA,NA,NA,NA,NA,35.4,48.9,-1.33428740501404,1677.08549205924,0.41926571726799,26.8,282,70.0140151977539,58.125,46.0765362516652,50.6,12.8531970155196,44.18359,0.04065,25.9624,3.0105464,36.7933235,8.01185899856244,52.69595508870215,0.571,41.6,-1.8044328689575195,60.42,NA,NA,NA,146,26.3
"Solomon Islands","SLB",2023,"Lower middle income","East Asia & Pacific",42.9,55.5555666666667,97,27.9,175,NA,NA,NA,NA,NA,26.6,37.1,-0.733603537082672,1945.14986518195,0.419872611761093,19.4,122,NA,56.875,NA,76,8.20775764217778,NA,0,0.5938,0.1167495,2.0041173,4.88495224859353,NA,0.564,42.2,NA,NA,NA,NA,NA,NA,23.3
"Tuvalu","TUV",2023,"Upper middle income","East Asia & Pacific",42.4,47.7777666666667,116,28.4,174,NA,NA,NA,NA,NA,3.6,39.1,-0.449751287698746,4773.34085526672,0.447577118873596,NA,NA,NA,NA,8.70710061176711,100,1.02631578947368,NA,NA,0.0059,0.0292198,13.2406397,NA,NA,0.641,NA,NA,NA,NA,NA,NA,NA,20
"Dominica","DMA",2023,"Upper middle income","Latin America & Caribbean",42.3,46.6666666666667,119.5,30.2,170,NA,NA,NA,NA,NA,NA,NA,0.260825008153915,8399.96601368496,0.544749319553375,13.4,NA,NA,62.5,NA,100,2.73646773663763,NA,0,0.1474,0.0333271,21.961853,24.3912618703578,NA,0.72,49.3,NA,NA,NA,NA,NA,NA,26.4
"St. Kitts and Nevis","KNA",2023,"High income","Latin America & Caribbean",42.2,39.4444666666667,132,40.8,128,NA,NA,NA,NA,NA,NA,NA,0.380410820245743,21505.7244171915,0.586181640625,NA,NA,NA,71.25,NA,100,3.79107752149991,NA,0.38432,0.1533,3.9775331,22.8983135,NA,NA,0.777,NA,NA,NA,NA,NA,NA,NA,31.7
"Nauru","NRU",2023,"High income","East Asia & Pacific",42.2,37.7777333333333,134,10.6,189,NA,NA,NA,NA,NA,1.7,32.4,-0.0678080692887306,8463.13245199864,NA,NA,NA,NA,NA,NA,100,NA,NA,0,0.0012,0,0,NA,NA,NA,NA,NA,NA,NA,NA,NA,NA,18
"Djibouti","DJI",2023,"Lower middle income","Middle East & North Africa",41.6,57.7777666666667,91.5,29.1,173,NA,NA,NA,NA,NA,19.1,41.6,-0.731475412845612,3078.28598659063,NA,12.9,234,NA,71.25,NA,65,5.22820108698994,NA,2.65407,2.2323,0.1678645,1.5746459,1.73999688856846,51.68468722258134,0.509,32.3,NA,35.87,NA,NA,NA,126,25.2
"Marshall Islands","MHL",2023,"Upper middle income","East Asia & Pacific",41,35.5555333333333,139,26.3,178,NA,NA,NA,NA,NA,0.9,35.5,0.069975346326828,5470.42006850903,0.42339813709259,NA,NA,NA,65.625,NA,100,2.37689934438874,NA,NA,0.0024,0.2688033,11.9157085,NA,NA,0.639,42.5,NA,NA,NA,NA,NA,NA,24.6
"Haiti","HTI",2023,"Lower middle income","Latin America & Caribbean",39.6,53.3333333333333,105.5,3.7,191,12,12,8,NA,NA,29.2,41.1,-2.22533392906189,1219.11871645847,0.446564912796021,50.4,350,NA,61.25,NA,49.3,24.4784149082163,48.9,1.37572,14.8741,1.4744834,8.6070547,4.35702747437087,52.67632370129871,0.535,36.4,-1.0631335079669952,57.38,NA,NA,NA,148,30.4
"Venezuela, RB","VEN",2023,"Not classified","Latin America & Caribbean",39.4,62.2222333333333,73.5,30,142,16,16,NA,NA,NA,NA,NA,-1.599200963974,NA,NA,17.6,259,NA,85,NA,100,12.0733564315826,NA,5.8667,169.5171,4.3506241,56.8789978,NA,62.46403814910579,0.691,53.3,-0.996896892786026,36.99,NA,NA,NA,97,20.9
"Micronesia, Fed. Sts.","FSM",2023,"Lower middle income","East Asia & Pacific",36.5,43.3333333333333,126,26.4,177,NA,NA,NA,NA,NA,16,40.1,0.232347309589386,2986.27621746796,0.505966544151306,NA,74,NA,61.25,NA,85.3,0.492217391304348,NA,0,0.052,0.0157724,0.0491628,NA,NA,0.628,40.8,NA,NA,NA,NA,NA,NA,28.5
"Syrian Arab Republic","SYR",2023,"Low income","Middle East & North Africa",36.2,22.2222,145,21.4,185,NA,NA,NA,NA,NA,24.8,26.6,-1.78816211223602,712.272278200037,NA,34,30,NA,40,NA,89,NA,NA,NA,46.3118,0.2469888,0.6853028,3.14853680210342,60.59652086834734,0.577,NA,NA,27.22,NA,NA,NA,108,16.7
"Yemen, Rep.","YEM",2023,"Low income","Middle East & North Africa",35.7,27.7777666666667,143,36.8,148.5,8,8,NA,NA,NA,19.8,36.7,-2.27542042732239,859.209303110809,0.372784405946732,39.5,183,94.660057067871,26.875,NA,76,NA,44.2,0,38.006,0.4675735,0.771944,14.5629550318343,46.86518788515406,0.455,NA,-1.271139919757843,32.78,NA,NA,NA,136,16.1
"Equatorial Guinea","GNQ",2023,"Upper middle income","Sub-Saharan Africa",35.1,36.6666333333333,137.5,31.2,167,NA,NA,NA,NA,NA,NA,NA,-1.32034909725189,5118.21986148331,NA,NA,212,NA,58.125,NA,67,24.6446590317978,NA,0.59925,11.5519,0.2351147,19.2667599,NA,NA,0.596,41.7,-1.51786208152771,50.35,NA,NA,NA,156,17.4
"Libya","LBY",2023,"Upper middle income","Middle East & North Africa",33.1,25.5555666666667,144,22.8,182,NA,NA,NA,NA,NA,NA,NA,-1.63588905334473,7633.45142779936,NA,11.4,72,NA,50,NA,70,2.80678251468398,NA,8.52451,104.5139,0.6336793,0.1284449,NA,NA,0.718,NA,-1.340947687625885,40.22,NA,NA,NA,105,25.3
"Turkmenistan","TKM",2023,"Upper middle income","Europe & Central Asia",30.7,34.4444333333333,140.5,1.3,192,NA,NA,6,NA,NA,NA,NA,-1.2064995765686,7880.44528570939,NA,4.1,5,NA,NA,94.8805426953047,100,NA,8.5065,8.90922,128.9192,2.9938567,3.2482622,NA,67.12712047070579,0.745,40.6,-1.0807850658893585,25.82,NA,NA,NA,54,31.9
"South Sudan","SSD",2023,"Low income","Sub-Saharan Africa",27.5,43.3333,127,8.5,190,NA,NA,NA,NA,NA,67.3,44.1,-2.32788825035095,1080.14718624765,0.306520849466324,19.6,1223,NA,67.5,NA,8.4,3.53427701123526,94.2,0,NA,NA,15.5015011,NA,40.13657465919701,0.385,NA,NA,50.62,NA,NA,NA,166,21.3
"American Samoa","ASM",2023,"High income","East Asia & Pacific",NA,NA,NA,NA,NA,NA,NA,NA,NA,NA,NA,NA,0.654167771339417,13709.0974895473,NA,NA,NA,NA,NA,89.8545469094066,NA,NA,NA,NA,0.0084,8.7237425,15.847867,NA,NA,NA,NA,NA,NA,NA,NA,NA,NA,NA
"Aruba","ABW",2023,"High income","Latin America & Caribbean",NA,NA,NA,35.1,155,NA,NA,NA,NA,NA,NA,NA,0.795440852642059,31178.473678762,NA,NA,NA,NA,NA,NA,99.9,2.56243337150077,NA,6.7e-4,0.4967,1.052e-4,18.9175758,NA,NA,NA,NA,NA,NA,NA,NA,NA,NA,NA
"Bermuda","BMU",2023,"High income","North America",NA,NA,NA,NA,NA,NA,NA,NA,NA,NA,NA,NA,1.20168173313141,110409.810458449,NA,NA,NA,NA,NA,NA,100,0.357525185296845,NA,NA,0.3539,5.64e-5,2.0799191,NA,NA,NA,NA,NA,NA,NA,NA,NA,NA,NA
"British Virgin Islands","VGB",2023,"High income","Latin America & Caribbean",NA,NA,NA,NA,NA,NA,NA,NA,NA,NA,NA,NA,NA,NA,NA,NA,NA,NA,NA,NA,100,NA,NA,NA,0.0754,0.0041157,9.1088142,NA,NA,NA,NA,NA,NA,NA,NA,NA,NA,NA
"Cayman Islands","CYM",2023,"High income","Latin America & Caribbean",NA,NA,NA,NA,NA,NA,NA,NA,NA,NA,NA,NA,1.2372350692749,81411.6457813075,NA,NA,NA,NA,NA,NA,100,0.965182258423152,NA,NA,0.3448,0.0776731,10.7627697,NA,NA,NA,NA,NA,NA,NA,NA,NA,NA,NA
"Channel Islands","CHI",2023,"High income","Europe & Central Asia",NA,NA,NA,NA,NA,NA,NA,NA,NA,NA,NA,NA,NA,69822.9529944005,NA,NA,NA,NA,NA,NA,100,0.807306886504972,NA,NA,NA,NA,NA,NA,NA,NA,NA,NA,NA,NA,NA,NA,NA,NA
"Comoros","COM",2023,"Lower middle income","Sub-Saharan Africa",NA,46.6666333333333,121,NA,NA,NA,NA,NA,NA,NA,18.6,45.3,-1.53510224819183,1382.51969363483,0.40468829870224,16.9,217,NA,65,NA,89.9,NA,68.6,0.04532,0.9221,0.3744773,33.7527122,11.6029292178846,52.37754761904762,0.558,38.2,NA,62.25,NA,NA,NA,130,24.9
"Cuba","CUB",2023,"Upper middle income","Latin America & Caribbean",NA,NA,NA,40.9,126.5,NA,NA,NA,NA,NA,NA,NA,-0.475527822971344,7433.44336192822,NA,2.5,39,NA,NA,NA,100,10.7343478640438,10.54202,NA,44.3766,3.8522491,16.2291374,NA,76.74207884330202,0.764,52.5,-0.9542339444160461,29,NA,NA,NA,27,30.5
"Curacao","CUW",2023,"High income","Latin America & Caribbean",NA,NA,NA,NA,NA,NA,NA,NA,NA,NA,NA,NA,NA,18122.8740513221,NA,NA,NA,NA,NA,NA,100,2.71387299056285,NA,NA,NA,0.0381738,15.7457771,NA,NA,NA,NA,NA,NA,NA,NA,NA,NA,NA
"Eritrea","ERI",2023,"Low income","Sub-Saharan Africa",NA,31.1111,142,NA,NA,NA,NA,NA,NA,NA,NA,NA,-1.79375612735748,751.374899794668,NA,NA,322,NA,69.375,NA,55.4,NA,NA,0.00258,6.9519,0,0,NA,NA,0.492,29,NA,27.86,NA,NA,NA,135,21.4
"Faroe Islands","FRO",2023,"High income","Europe & Central Asia",NA,NA,NA,NA,NA,NA,NA,NA,NA,NA,NA,NA,NA,58665.1367497255,NA,NA,NA,NA,NA,NA,100,7.60541301545674,NA,NA,0.051,0.0108312,2.3290932,NA,NA,NA,NA,NA,NA,NA,NA,NA,NA,NA
"French Polynesia","PYF",2023,"High income","East Asia & Pacific",NA,NA,NA,NA,NA,NA,NA,NA,NA,NA,NA,NA,NA,21042.0714472319,NA,5.4,NA,NA,NA,81.8132594702229,100,4.81237186637337,NA,NA,1.1221,0.0421815,2.0263176,NA,NA,NA,NA,NA,NA,NA,NA,NA,NA,NA
"Gibraltar","GIB",2023,"High income","Europe & Central Asia",NA,NA,NA,NA,NA,NA,NA,NA,NA,NA,NA,NA,NA,NA,NA,NA,NA,NA,NA,100,100,NA,NA,NA,0.689,0,0,NA,NA,NA,NA,NA,NA,NA,NA,NA,NA,NA
"Greenland","GRL",2023,"High income","Europe & Central Asia",NA,NA,NA,56.1,74.5,NA,NA,NA,NA,NA,NA,NA,0.763896942138672,48514.5271286311,NA,NA,NA,NA,NA,NA,100,2.90652234822232,NA,NA,0.5395,4.5155921,41.1104088,NA,NA,NA,NA,NA,NA,NA,NA,NA,NA,NA
"Guam","GUM",2023,"High income","East Asia & Pacific",NA,NA,NA,NA,NA,NA,NA,NA,NA,NA,NA,NA,0.654167771339417,34627.9862781837,NA,NA,NA,NA,NA,99.059791733307,100,NA,NA,NA,0.0409,0.0197942,4.4674053,NA,NA,NA,NA,NA,NA,NA,NA,NA,NA,NA
"Hong Kong SAR, China","HKG",2023,"High income","East Asia & Pacific",NA,NA,NA,79.2,11,NA,NA,49,NA,NA,NA,NA,1.55483567714691,43572.9610527354,0.812756538391113,2.5,NA,5.39016532897949,91.875,100,100,0.944459033921708,NA,0.55886,39.1401,0,41.8836784,NA,NA,0.952,NA,1.1945406794548035,44.86,NA,NA,NA,14,NA
"Isle of Man","IMN",2023,"High income","Europe & Central Asia",NA,NA,NA,NA,NA,NA,NA,NA,NA,NA,NA,NA,NA,89873.5421403346,NA,NA,NA,NA,NA,99.7098313889755,100,2.05292887722226,NA,NA,NA,0,5.4534445,NA,NA,NA,NA,NA,NA,NA,NA,NA,NA,NA
"Korea, Dem. People's Rep.","PRK",2023,"Low income","East Asia & Pacific",NA,NA,NA,NA,NA,NA,NA,NA,NA,NA,NA,NA,-1.48409974575043,NA,NA,45.3,107,NA,NA,66.531399868941,54.7,NA,NA,NA,81.0053,0.0220855,2.4353416,NA,NA,NA,NA,NA,21.72,NA,NA,NA,NA,16.1
"Kosovo","XKX",2023,"Upper middle income","Europe & Central Asia",NA,41.1111,129,47.7,100,19,19,40,NA,NA,0.4,29,-0.0800606161355972,4888.63522764435,NA,NA,NA,37.9216194152832,91.875,NA,NA,12.9191254564664,NA,NA,NA,NA,NA,5.50416058996505,NA,NA,NA,NA,68.38,NA,NA,NA,NA,NA
"Liechtenstein","LIE",2023,"High income","Europe & Central Asia",NA,NA,NA,63.9,48.5,NA,NA,NA,NA,NA,NA,NA,1.62781953811646,167187.15730982,NA,NA,NA,NA,NA,100,100,35.2436099402506,NA,NA,NA,NA,42.6322746,NA,NA,0.935,NA,NA,84.47,NA,NA,NA,NA,46.4
"Macao SAR, China","MAC",2023,"High income","East Asia & Pacific",NA,NA,NA,45,108,NA,NA,NA,NA,NA,NA,NA,1.08997046947479,59602.3570393926,0.795671582221985,10.7,NA,7.18974161148071,NA,100,100,0.761924359918555,NA,0,2.4141,NA,NA,NA,NA,NA,NA,NA,NA,NA,NA,NA,NA,NA
"Monaco","MCO",2023,"High income","Europe & Central Asia",NA,NA,NA,24.6,180,NA,NA,NA,NA,NA,NA,NA,2.02295255661011,224582.449752101,NA,NA,NA,NA,NA,100,100,NA,NA,NA,NA,99.7131271,10.1800375,NA,NA,NA,NA,NA,NA,NA,NA,NA,NA,33.3
"New Caledonia","NCL",2023,"High income","East Asia & Pacific",NA,NA,NA,NA,NA,NA,NA,31,NA,NA,NA,NA,NA,30858.7237060533,NA,5.6,NA,NA,NA,96.8652854148107,100,5.60354479440873,NA,NA,5.6879,96.2602463,59.6582108,NA,NA,NA,NA,NA,NA,NA,NA,NA,NA,NA
"Northern Mariana Islands","MNP",2023,"High income","East Asia & Pacific",NA,NA,NA,NA,NA,NA,NA,NA,NA,NA,NA,NA,NA,19461.8611129744,NA,NA,NA,NA,NA,90.6391752577319,100,NA,NA,NA,0.0037,33.156044,7.6590958,NA,NA,NA,NA,NA,NA,NA,NA,NA,NA,NA
"Puerto Rico","PRI",2023,"High income","Latin America & Caribbean",NA,NA,NA,NA,NA,NA,NA,NA,NA,NA,NA,NA,-0.389062345027924,30122.8412253197,NA,NA,34,NA,83.75,99.8731075904989,100,45.6044538571343,NA,0,15.2646,1.8171504,7.3754902,NA,NA,NA,NA,NA,NA,NA,NA,NA,NA,NA
"San Marino","SMR",2023,"High income","Europe & Central Asia",NA,NA,NA,34.6,156,NA,NA,NA,NA,NA,NA,NA,1.20168173313141,51277.3460993917,NA,NA,NA,NA,85,100,100,33.6330247100809,NA,NA,NA,NA,NA,NA,NA,0.853,NA,NA,NA,NA,NA,NA,NA,32.9
"Sint Maarten (Dutch part)","SXM",2023,"High income","Latin America & Caribbean",NA,NA,NA,NA,NA,NA,NA,NA,NA,NA,NA,NA,NA,33066.2495331081,NA,NA,NA,NA,NA,NA,100,1.17053397088981,NA,NA,NA,8.69942,0.7269735,NA,NA,NA,NA,NA,NA,NA,NA,NA,NA,NA
"St. Martin (French part)","MAF",2023,"High income","Latin America & Caribbean",NA,NA,NA,NA,NA,NA,NA,NA,NA,NA,NA,NA,NA,NA,NA,NA,NA,NA,NA,96.6287648090298,100,NA,NA,NA,NA,96.4250793,12.7715502,NA,NA,NA,NA,NA,NA,NA,NA,NA,NA,NA
"Turks and Caicos Islands","TCA",2023,"High income","Latin America & Caribbean",NA,NA,NA,NA,NA,NA,NA,NA,NA,NA,NA,NA,NA,20346.6552687741,NA,NA,NA,NA,NA,47.0850771759839,99.9,0.630247217304049,NA,NA,0.1007,0.0971332,44.367424,NA,NA,NA,NA,NA,NA,NA,NA,NA,NA,NA
"Virgin Islands (U.S.)","VIR",2023,"High income","Latin America & Caribbean",NA,NA,NA,NA,NA,NA,NA,NA,NA,NA,NA,NA,0.654167771339417,36983.431060272,NA,NA,NA,NA,NA,97.9359935454068,100,NA,NA,NA,0.0374,0.8521637,14.3675518,NA,NA,NA,NA,NA,NA,NA,NA,NA,NA,NA
