"iso3c","SPI.INDEX","SCI","SCI_rank","ODIN_score","ODIN_rank","odb","gdb","iiag_overall","iiag_stats","country","region","income","SI.POV.DDAY","SI.POV.GINI","GE.EST","NY.GDP.PCAP.KD","HD.HCI.OVRL","SN.ITK.DEFC.ZS","SH.STA.MMRT","SE.LPV.PRIM","SG.LAW.INDX","SH.H2O.SMDW.ZS","EG.ELC.ACCS.ZS","NV.IND.MANF.ZS","EN.POP.SLUM.UR.ZS","subsidies","EN.GHG.ALL.MT.CE.AR5","ER.MRN.PTMR.ZS","ER.LND.PTLD.ZS","DT.TDS.DECT.EX.ZS","sdg_index_score","hdi_value","env_perform_index","eci_value","press_free_score","better_life_index","undernourish","severe_food_insecurity","legatum_health_index","ghsindex"
"FIN",92.9,NA,NA,85.13333333333333,3,56.225,55,NA,NA,"Finland","Europe & Central Asia","High income",0,27.7,1.8038332859675068,45920.93833088317,0.796001017093658,2.5,8,4.78112697601318,97.5,99.64131881046063,100,15.201302485405767,NA,0.57659,55.6684,11.990652743333333,13.376483596666667,NA,86.65861986151103,0.939,75.15,1.4919471740722656,89.79,8.190826399726488,2.5,2.6,15,71.45
"POL",92.9,81.1111222222222,25.666666666666668,85.43333333333334,2.6666666666666665,36.475,NA,NA,NA,"Poland","Europe & Central Asia","High income",0.1,28.5,0.31154204408327735,17021.137686747566,0.753088593482971,2.5,2,5.55067777633667,93.75,88.91172552235356,100,17.237264969196733,NA,0.28857,402.2827,22.572469703333333,39.55847547,NA,81.38201311727491,0.8776666666666667,57.400000000000006,1.0164800584316254,68.15333333333334,6.56633930228965,2.5,1,48,55
"DNK",92.4,NA,NA,85.16666666666667,3.3333333333333335,66.31,58,NA,NA,"Denmark","Europe & Central Asia","High income",0.2,28.3,1.98850599924723,60449.52443418567,0.755094826221466,2.5,5,5.13658905029296,100,99.91882852315527,100,13.8445091567114,NA,0.39504,46.22656666666667,18.322184246666666,16.970673243333334,NA,85.73200821237586,0.947,72.80000000000001,1.0319083631038666,90.39333333333333,8.16032895809873,2.5,1.8,16,65.85
"SWE",92.2,NA,NA,82.60000000000001,6.666666666666667,62.63,43,NA,NA,"Sweden","Europe & Central Asia","High income",0.6,29.8,1.5946811437606834,54595.481238521534,0.79535710811615,2.5,5,5.27216482162475,100,99.73873516627813,100,13.899638180628267,NA,0.30977,60.86476666666667,15.797839510000001,15.125733373333333,NA,86.02010425897632,0.9453333333333332,71.5,1.715676337480545,89.91666666666667,8.570451536116192,2.5,1.4,9,65.65
"SVN",91.9,NA,NA,81,6.333333333333333,NA,NA,NA,NA,"Slovenia","Europe & Central Asia","High income",0,24.3,1.0817122062047333,25215.018207074034,0.774986982345581,2.5,5,7.21811628341674,96.875,98.2743209096652,100,19.8254188015272,NA,0.26991,18.379133333333332,2.3207019733333336,40.41355772,NA,80.89118530048381,0.9173333333333333,64.85,1.6719537675380707,72.01,7.421762795085357,2.5,0.9,24,68.19999999999999
"NLD",91.8,NA,NA,81.26666666666667,6.333333333333333,67.565,54,NA,NA,"Netherlands","Europe & Central Asia","High income",0.1,25.7,1.6431890328725167,50954.67181344643,0.789915025234222,2.5,4,4.4913740158081,99.16666666666667,99.9682862254043,100,10.647891430166034,NA,0.0424,171.464,26.86174644333333,22.472396866666667,NA,79.42154333460657,0.941,64.75,1.1131954789161682,85.08666666666667,8.228636872252132,2.5,1.4,11,66.2
"NOR",91.3,NA,NA,80.39999999999999,7.333333333333333,59.3,NA,NA,NA,"Norway","Europe & Central Asia","High income",0.2,27.7,1.8456849654515601,78719.8899919419,0.771051168441772,2.5,2,4.29407835006713,96.875,98.84120549417867,100,5.537177462891477,NA,0.09139,70.50623333333334,9.859322578999999,30.317411423333333,NA,82.06129373567609,0.9603333333333333,64.6,0.6385360509157181,93.70333333333333,8.492561123778597,2.5,1.2,7,60.8
"CAN",90.9,NA,NA,76.13333333333334,14.666666666666666,74.78333333333333,61,NA,NA,"Canada","North America","High income",0.2,31.7,1.5482927560806266,44685.1696548152,0.797520101070404,2.5,11,4.30185747146606,100,99.03959313238586,100,9.01547651322254,NA,0.13133,748.9006333333333,8.994622896000001,12.442438093333333,NA,78.42252455730544,0.9346666666666668,55.55,0.6031471192836761,83.34,8.063151323710132,2.5,1.2,32,68.69999999999999
"ITA",90.9,NA,NA,66.53333333333333,36.333333333333336,50.593333333333334,57,NA,NA,"Italy","Europe & Central Asia","High income",0.8,34.8,0.46164768934249867,33398.713480266466,0.727819681167603,2.5,5,5.49675559997558,97.5,92.7105575597704,100,15.3525506442792,NA,0.59093,394.0597666666667,10.319666227333334,21.548372893333333,NA,78.72995037560479,0.8936666666666667,59,1.3037787079811096,72.27333333333333,6.6811082908721,2.5,1.8,17,51.9
"DEU",90.6,NA,NA,77.8,12.333333333333334,59.59666666666667,58,NA,NA,"Germany","Europe & Central Asia","High income",0.2,32.4,1.25460974375407,44138.6595570638,0.751162469387054,2.5,4,15.439902305603,100,99.91628885262423,100,18.503126235839535,NA,0.24309,786.8208666666667,45.45888771,37.54184342333333,NA,83.32178894830659,0.9446666666666667,68.45,2.0533246994018555,82.90333333333334,7.626747621095106,2.5,1.4,13,65.6
"USA",90.5,NA,NA,70.73333333333333,22.5,69.63,68,NA,NA,"United States","North America","High income",0.8666666666666667,40.766666666666666,1.2567425171534232,64404.528401184834,0.701764345169067,2.5,21,9.69157028198242,91.25,97.41869259506713,100,10.5447977298082,NA,0.04835,5978.249433333333,19.048179610000002,13.018217376666666,NA,75.95541530748665,0.9236666666666667,54.150000000000006,1.6213895678520203,73.34333333333333,8.239912990480962,2.5,0.7,69,76.05000000000001
"PRT",90.4,NA,NA,67.83333333333333,31.5,39.19,42,NA,NA,"Portugal","Europe & Central Asia","High income",0.2,34.6,0.9803716341654466,21694.3297016856,0.768949568271637,2.5,12,7.97772073745727,100,95.1333485954103,100,12.258247364894,NA,0.2291,58.97076666666667,16.87525433,22.91288376,NA,80.05711026865293,0.8653333333333333,56.15,0.577379435300827,87.18666666666667,6.332620251965729,2.5,3.9,40,56.7
"ESP",90.3,NA,NA,71.76666666666667,20.666666666666668,61.175,56,NA,NA,"Spain","Europe & Central Asia","High income",0.6,33.9,0.8600642681121824,27819.786290106265,0.728255033493042,2.5,3,7.30008029937744,100,99.5661938840215,100,11.0426109233745,NA,0.134,321.0675,12.776096326666668,28.119358683333335,NA,80.44280491469314,0.904,60.3,0.6981457620859146,77.21333333333334,6.863352184717901,2.5,1.8,26,60.65
"AUT",89.8,NA,NA,66.1,38.333333333333336,59.59,NA,NA,NA,"Austria","Europe & Central Asia","High income",0.5,30.7,1.4399663209915166,46301.1085730252,0.746739745140076,2.5,5,14.969030380249,96.875,98.89706319936836,100,16.333623176772,NA,0.21789,78.1437,NA,29.42808787,NA,82.71490434807227,0.916,67.7,1.717329055070877,79.23333333333333,7.325437200889651,2.5,1.6,22,57.15
"CZE",89.8,NA,NA,69.3,29,43.575,45,NA,NA,"Czechia","Europe & Central Asia","High income",0.1,26.2,1.0923901398976668,20415.6275828131,NA,2.5,3,14.2066078186035,93.75,97.88324959966823,100,19.6843714828372,NA,0.14984,124.5775,NA,22.1668046,NA,82.17821114715554,0.8926666666666667,62.7,1.7727805972099304,80.24666666666667,7.280098844843278,2.5,2.3,28,53.9
"EST",89.8,NA,NA,73.10000000000001,20,42.315,67,NA,NA,"Estonia","Europe & Central Asia","High income",0.3,31.8,1.3164651791254667,20851.823009658132,0.77720320224762,2.5,5,NA,97.5,97.01580983500324,100,12.371843973997901,NA,0.18789,14.116266666666666,18.778869603333334,21.382811256666667,NA,81.33183134610488,0.8926666666666667,68.55,0.9580015987157822,86.29666666666667,7.202513225494309,2.5,0.7,37,55.55
"FRA",89.7,NA,NA,64.2,43.666666666666664,72.88333333333334,66,NA,NA,"France","Europe & Central Asia","High income",0.1,31.5,1.17945957183838,38676.5215797014,0.762737214565277,2.5,8,6.63674163818359,100,99.68433242050544,100,9.45715466010973,NA,0.36064,434.0724333333334,49.81956862,28.259356166666667,NA,82.01301914947797,0.902,64.75,1.3218668699264526,78.21666666666667,7.2056325236929935,2.5,1.6,20,62.25
"JPN",89.6,NA,NA,68.53333333333333,31.333333333333332,63.166666666666664,NA,NA,NA,"Japan","East Asia & Pacific","High income",0.7,32.9,1.5372828642527234,36298.14122017757,0.804714262485504,3.3333333333333335,4,3.59502744674682,78.75,98.6585502009944,100,19.770110229833968,NA,0.05283,1179.8633666666667,13.891710293333333,29.749217996666665,NA,79.46976043196997,0.924,59.3,2.4867425560951233,66.48,5.669135416904191,3.2,0.9,2,59.65
"CHE",88.9,NA,NA,68.10000000000001,33.166666666666664,50.82,NA,NA,NA,"Switzerland","Europe & Central Asia","High income",0,33.7,2.05838660399119,89373.09734084494,0.756115138530731,2.5,7,NA,88.125,96.70000126060914,100,18.544698001947,NA,0.34084,45.7025,NA,12.13766578,NA,81.01387448135503,0.96,66.85,2.227751672267914,85.52333333333334,8.42437758464399,2.5,0.6,10,59.599999999999994
"GEO",88.7,87.7777777777778,9.666666666666666,68.9,30.166666666666668,24.895,40,NA,NA,"Georgia","Europe & Central Asia","Upper middle income",4.7,33.733333333333334,0.685986121495565,5697.374582368427,0.568925797939301,4.4,28,13.5263748168945,88.125,69.05505382349084,100,9.331552122519557,7.07908,0.05233,17.981533333333335,0.6677558140000001,10.504571607,24.3250937423003,75.03414022154317,0.8046666666666668,43.2,-0.15216464921832085,64.11666666666666,NA,2.9,9.7,90,50.400000000000006
"IRL",88.4,NA,NA,75.2,16.166666666666668,43.765,46,NA,NA,"Ireland","Europe & Central Asia","High income",0.1,30.1,1.53438039620717,95169.7599240475,0.792599022388458,2.5,5,2.3305127620697,100,95.99288051579529,100,33.720327294455636,8.5,0.71175,61.9188,2.331913395,14.434730226666666,NA,79.76439560096767,0.9433333333333332,61.599999999999994,1.5627597570419312,88.76666666666667,7.257451188290553,2.5,2.4,23,55.2
"SVK",88.4,NA,NA,76.8,12.666666666666666,38.58,51,NA,NA,"Slovak Republic","Europe & Central Asia","High income",0.1,24.1,0.36610093712806735,19006.520129033066,0.664987325668335,3.4333333333333336,5,22.1248226165771,85.83333333333333,99.17286261416636,100,18.7333282758785,NA,0.27283,45.84236666666667,NA,37.58687847,NA,79.48911768565381,0.8556666666666667,62.55,1.312887728214264,79.52333333333334,6.637526230601206,2.8,1.8,45,53.2
"HUN",88.3,NA,NA,64.76666666666667,42,24.27,NA,NA,NA,"Hungary","Europe & Central Asia","High income",0.4,29.2,0.5011499623457589,16049.0902097549,0.683087289333344,2.5,15,9.15569114685058,93.75,99.9999996178147,100,16.993639912177034,7.2,0.20669,67.58276666666667,NA,22.60092229,NA,79.80400110568047,0.8493333333333333,57.45,1.4142484068870544,63.666666666666664,6.179156752996523,2.5,3,46,54.7
"GRC",88.2,NA,NA,59.733333333333334,58,37.239999999999995,37,NA,NA,"Greece","Europe & Central Asia","High income",0.6,32.9,0.333665743470192,20322.551802528567,0.690006494522095,2.5,8,NA,100,98.87963988190307,100,8.850240395665214,NA,1.08306,75.172466666666665,4.51786566,35.21633022333334,NA,78.25549835752483,0.8873333333333333,61.75,0.1778383906930685,60.57,5.064537181804398,2.5,1.5,41,51.05
"AUS",88.2,NA,NA,64.7,40,68.33,55,NA,NA,"Australia","East Asia & Pacific","High income",0.5,34.3,1.5300114552179966,60623.4099051559,0.770239531993866,2.5,3,9.0636396408081,96.875,NA,100,5.41673045461616,NA,0.55392,567.3635666666667,44.33663559666667,20.362920786666667,NA,75.9294204449962,0.9463333333333332,61.6,-0.5049452185630798,77.40666666666667,8.079608001516057,2.5,3.4,21,72.15
"MEX",88.1,87.77777777777777,13,69.43333333333334,28.833333333333332,62.92,51,NA,NA,"Mexico","Latin America & Caribbean ","Upper middle income",1.5,43.86666666666667,-0.2745429227749506,9993.735283335853,0.612949848175049,3.1333333333333333,59,47.634178161621,88.75,43.0139336112837,100,20.756924845814133,17.6,1.5861,801.6996666666666,21.554851506666665,14.562488843333334,10.409978492788719,69.56557043544692,0.7643333333333333,44.85,1.0287920981645584,49.61333333333333,4.249950624706364,2.5,3.6,71,56.05
"KOR",88,NA,NA,69,27.833333333333332,71.595,64,NA,NA,"Korea, Rep.","East Asia & Pacific","High income",0,32.9,1.3731694618860901,33527.490826434696,0.798776268959045,2.5,8,3.23008060455322,88.125,99.25682177733714,100,25.1429988528802,NA,0.085319999999999993,727.383,2.455245006,16.965345393333333,NA,78.14571626804569,0.9233333333333333,48.75,2.0787505507469177,73.17,6.079896110048965,2.5,0.8,3,65.65
"LTU",87.6,NA,NA,72.76666666666667,19.333333333333332,NA,37,NA,NA,"Lithuania","Europe & Central Asia","High income",0.3,36.7,1.0205107529958084,18729.9231620333,0.70604795217514,2.5,9,3.27572441101074,93.75,94.9715811052839,100,15.617921744275133,NA,0.65355,21.310833333333335,25.592741020000002,17.06576031333333,NA,76.55649426088618,0.8793333333333333,60,0.8647210597991943,83.59333333333333,6.596338630180303,2.5,2.1,61,57.2
"CRI",87.5,91.1111,4.666666666666667,57.7,65,26.506666666666668,34,NA,NA,"Costa Rica","Latin America & Caribbean ","Upper middle income",1,47.53333333333334,0.1785555096964043,13717.2310553808,0.628635048866272,2.5,22,34.0240669250488,90,80.50894836229894,100,13.8107482738451,3.54573,0.13578,16.643633333333334,20.210665795666667,27.199013403333336,11.68909028983362,73.52596915902726,0.81466666666666665,50.9,0.13203174155205488,85.78666666666666,5.258390929128558,3,2.9,30,40.65
"LUX",87.4,NA,NA,65.36666666666666,39.5,NA,NA,NA,NA,"Luxembourg","Europe & Central Asia","High income",0.1,32.7,1.7878993749618532,108827.856737615,0.686146140098572,2.5,6,NA,100,99.53179896496717,100,4.0165646135391,NA,0.00333,8.826966666666667,NA,54.31533561,NA,77.96369078992393,0.927,73.69999999999999,NA,81.41,8.204175047406853,2.5,0.6,12,48.5
"LVA",87,NA,NA,63.93333333333334,46,27,49,NA,NA,"Latvia","Europe & Central Asia","High income",0.4,34.3,0.7403470476468403,16393.8079279309,0.70658141374588,2.5,18,8.4379014968872,100,97.0160721384208,100,11.976094017505833,NA,0.58814,11.281233333333333,16.03864031,18.186957673333332,NA,80.50662890247007,0.8683333333333333,60.650000000000006,0.6231330782175064,81.06,6.313278600890371,2.5,1,59,60.849999999999994
"NZL",87,NA,NA,68.66666666666667,29.833333333333332,68.45,66,NA,NA,"New Zealand","East Asia & Pacific","High income",NA,NA,1.39197591940562,41771.1853332998,0.775932431221008,2.5,7,10.8613500595092,97.5,99.99999874353693,100,8.81116112012761,NA,0.00676,83.52613333333333,30.421539303333333,33.395412416666666,NA,77.97999830896117,0.9366666666666668,57,0.19327295944094658,85.91,7.674513246753308,2.5,3.3,25,59.15
"TUR",86.6,80.0000222222222,28.833333333333332,56.666666666666664,67.83333333333333,30.02,NA,NA,NA,"Turkiye","Europe & Central Asia","Upper middle income",0.4,44.4,-0.18889112522204698,14072.866449631432,NA,2.5,17,18.5090885162353,82.5,NA,100,21.297769084080166,14.12611,0.44688,680.2577666666667,1.7613034083333334,6.951819406666666,21.764811828136065,70.72935471905545,0.8376666666666667,31.75,0.5173122882843018,41.81,4.326644079610379,2.5,NA,63,49.9
"BEL",86.5,NA,NA,49.333333333333336,98.16666666666667,47.31,NA,NA,NA,"Belgium","Europe & Central Asia","High income",0,26.6,1.1165936787923199,44144.837734344634,0.76041966676712,2.5,5,8.52700424194335,100,99.73667769435984,100,11.387174792705467,NA,0.72468,116.6178,37.59048336,15.533104606666667,NA,79.49809125286478,0.9336666666666668,62.5,1.1901635825634003,81.21333333333334,7.333363972749193,2.5,1.5,18,60.599999999999994
"BLR",86.2,83.7037,20,57.63333333333333,66,13,19,NA,NA,"Belarus","Europe & Central Asia","Upper middle income",0,24.4,-0.8824475804964703,6382.393116178387,0.700078189373016,2.5,1,NA,75.625,93.07297151908153,100,23.253922629266167,2.27611,0.14274,100.745,NA,13.842987086666668,12.98336540550082,77.95069107640214,0.8106666666666666,53.35,0.7958844751119614,41.99,NA,2.5,NA,62,42.849999999999994
"BGR",86,87.7777888888889,10.166666666666666,69.13333333333334,29,34,50,NA,NA,"Bulgaria","Europe & Central Asia","High income",0.7,39,-0.13252039626240733,9284.927431839797,0.613898158073425,2.5,7,18.1856994628906,90.625,95.70633542530646,99.93333333333334,NA,NA,4.13414,66.69896666666666,8.108338385333333,41.04475909666667,NA,74.77947850140058,0.8023333333333333,54.05,0.6482784748077393,61.60333333333333,NA,2.5,3.5,65,60.65
"GBR",86,NA,NA,57.46666666666666,66.5,83.66666666666667,65,NA,NA,"United Kingdom","Europe & Central Asia","High income",0.2,32.4,1.2129685878753667,46915.92249238493,0.782942950725555,2.5,10,3.39390325546264,97.5,99.80818955908474,100,8.34338367642838,NA,0.43898,425.6698666666667,44.10566708333334,28.092183456666667,NA,81.67494642857142,0.9293333333333333,75.15,1.7517238557338715,78.54333333333334,7.475770567260113,2.5,1.6,34,67.75
"ISL",85.8,NA,NA,52.6,81.16666666666667,44.364999999999995,NA,NA,NA,"Iceland","Europe & Central Asia","High income",0,26.1,1.5706639687220267,57178.88244786843,0.745281875133514,2.5,3,NA,100,100,100,9.855985174933764,NA,0,4.605966666666667,0.4263293276666667,20.623533226666666,NA,78.28181596638655,0.9586666666666667,63.55,NA,83.50333333333333,7.891291645934006,2.5,1.6,8,48.05
"ROU",84.6,81.4814888888889,26.333333333333332,68.2,31,NA,43,NA,NA,"Romania","Europe & Central Asia","High income",1.8,33.9,-0.08549577168499416,12040.616485380368,0.584187865257263,2.5,10,17.8603286743164,90.625,82.0572299226842,100,13.9805124849602,NA,0.33139,117.99683333333334,23.098583206666667,24.52107175,NA,77.37906824229694,0.8256666666666667,56.65,1.0659050643444061,70.86333333333333,NA,2.5,5.7,72,45.6
"SGP",84.4,NA,NA,90.53333333333333,1,46.725,NA,NA,NA,"Singapore","East Asia & Pacific","High income",NA,NA,2.23658204078674,67003.33304416137,0.879125714302063,NA,7,3.37001085281372,82.5,100,100,19.218895647851266,NA,2.26649,70.75956666666666,0.013184004,5.554559702666667,NA,71.47873278478059,0.9403333333333332,51.95,2.137006461620331,45.63666666666666,NA,NA,1.7,1,56.599999999999994
"CYP",84.4,NA,NA,60.666666666666664,54,NA,NA,NA,NA,"Cyprus","Europe & Central Asia","High income",0,31.3,0.72199680407842,31528.190755208332,0.755520224571228,2.5,68,10.2496576309204,95.20833333333333,99.76508598241892,100,4.547997434259397,NA,0,10.545866666666667,8.620538104,38.67998507666667,NA,72.73168599439774,0.8956666666666667,55.95,0.3978064954280853,71.58,NA,2.5,NA,29,42.099999999999994
"ISR",84.3,NA,NA,60.300000000000004,56,41.855000000000004,42,NA,NA,"Israel","Middle East & North Africa","High income",0.2,37.9,1.21075983842214,42158.13943949263,0.733995318412781,2.5,3,14.3992156982421,80.625,99.47595883352156,100,11.280876297645799,NA,0.32988,86.65396666666666,0.042506807,24.489950193333332,NA,74.07138662464986,0.919,48.1,1.46341672539711,62.096666666666664,6.163486249348544,2.5,3.1,6,48.95
"ARM",84.3,93.70373333333337,1.3333333333333333,57.2,67.66666666666667,NA,45,NA,NA,"Armenia","Europe & Central Asia","Upper middle income",0.7000000000000001,27.9,-0.260373259584109,4735.60572111825,0.578998804092407,2.5,27,27.2411460876464,88.54166666666667,82.4574085341083,100,11.007168026640134,8.39472,0.03566,9.341933333333333,NA,24.55581282,23.679233909123234,73.46483162306444,0.7646666666666667,46.599999999999994,-0.029860997572541237,70.25,NA,2.5,0.5,68,62.5
"COL",84,81.85185555555553,23.5,51.13333333333333,86.33333333333333,47.13,54,NA,NA,"Colombia","Latin America & Caribbean ","Upper middle income",6.433333333333334,54.9,-0.0366363966216644,6710.186094792417,0.60433030128479,4.2,75,51.3569412231445,84.375,73.81066173178033,100,11.117148196309833,9.7,0.4528,213.63596666666666,17.115235673333334,16.571631093333334,38.5237158380903,69.96671422523553,0.7586666666666667,46.05,0.04085204843431711,47.97333333333333,4.031913245291322,6.6,NA,36,51.6
"MDA",83.9,91.48147777777777,4.333333333333333,73.8,17.666666666666668,38.715,41,NA,NA,"Moldova","Europe & Central Asia","Upper middle income",0,25.7,-0.30344980458418536,3671.0978043812,0.584153532981873,2.5,12,NA,88.54166666666667,75.10208508759,100,8.90091041176087,6.5,0.73697,12.532333333333334,NA,11.430580113333333,14.243478131299401,78.84964056173607,0.769,44.400000000000006,-0.17584316059947014,73.16,NA,2.5,4.8,93,40.9
"ALB",83.8,82.96297777777777,21.5,55.86666666666667,68.66666666666667,31,38,NA,NA,"Albania","Europe & Central Asia","Upper middle income",0,29.4,0.09313695629437757,5144.172434599614,0.634250938892365,4.433333333333334,8,10.2368154525756,91.25,70.72597698459907,100,7.10021094960642,2.8,0,7.9245,2.839279191666667,18.59156863333333,10.744900630502789,73.58790525210082,0.8,49.650000000000006,-0.3957724943757057,61.22666666666667,NA,4.1,7.5,66,45.6
"CHL",83.7,88.8888888888889,7.833333333333333,42.43333333333333,127.33333333333333,41.32333333333333,53,NA,NA,"Chile","Latin America & Caribbean ","High income",0.7000000000000001,44.333333333333336,0.6180227001508076,14184.221149766001,0.651604175567627,2.5,15,27.1904296875,80,98.7713654160075,100,9.068189327439278,NA,0.51761,138.22613333333334,41.344458259999996,20.999344476666668,NA,78.32444236694678,0.856,48.150000000000006,-0.4209196865558624,64.27,4.803376412956421,2.5,4.1,51,54.6
"MNG",83.1,88.14815555555553,12,79.1,8.666666666666666,NA,33,NA,NA,"Mongolia","East Asia & Pacific","Upper middle income",0.36666666666666664,31.833333333333332,-0.47064734498659766,4241.9861730517405,0.614397525787354,2.6666666666666665,39,NA,88.75,38.963608631476035,100,6.841478049851653,17.87869,0.20964,62.58063333333333,NA,19.79836651666667,31.423255400466534,64.78015748015872,0.7433333333333333,33.400000000000006,-1.2162908464670181,63.17666666666667,NA,8,0.5,110,40.95
"KGZ",83,93.33333333333333,2.8333333333333335,49.266666666666666,93,17,24,NA,NA,"Kyrgyz Republic","Europe & Central Asia","Lower middle income",0.4333333333333333,27.2,-0.8525421023368833,1202.96909570077,0.596617102622986,5.8999999999999995,50,64.4912490844726,76.875,76.46136036859033,99.7,12.684118092856167,2.43932,7.01922,21.784399999999998,NA,6.705672713666667,17.4241435466421,74.68601930823468,0.693,39.25,-0.27017420157790184,61.26333333333333,NA,4.8,1.1,76,42.7
"PHL",82.5,81.48149999999997,24,70.36666666666667,26,40.64666666666667,34,NA,NA,"Philippines","East Asia & Pacific","Lower middle income",3,40.7,0.0842708287139735,3558.1098569085934,0.51596212387085,5.933333333333334,78,90.9132614135742,78.75,47.82228880428347,95.7,17.0291466423101,36.61565,0.00544,261.6435,1.744403986,15.868689513333333,10.36094759199892,67.11195693277311,0.709,30.5,0.813515692949295,47.47,NA,5.2,5.7,96,44.6
"HRV",82.5,83.7037111111111,17.5,62.86666666666667,46,28,48,NA,NA,"Croatia","Europe & Central Asia","High income",0.3,28.9,0.6154473026593527,16386.009430368533,0.709693968296051,2.5,5,3.89054417610168,93.75,NA,100,12.0164574194538,NA,0.13665,24.111900000000002,8.987741151,38.46007538,NA,81.52301162464985,0.858,61.25,0.8349445313215256,71.47333333333333,NA,2.5,1.9,53,49.3
"RUS",82,82.59259999999998,20,59.8,56,41.83,42,NA,NA,"Russian Federation","Europe & Central Asia","High income",0.2,35.1,-0.539722184340159,10219.185221354166,0.681419610977173,2.5,14,3.76424741744995,73.125,76.2005744730783,100,12.5562155454079,NA,1.02659,2587.937933333333,2.243342187,11.4531889,NA,73.91863634992458,0.8323333333333333,42.1,0.2037222422659397,41.626666666666665,5.84852154514726,2.5,0.5,84,48.1
"MKD",81.4,80.37038888888887,25.666666666666668,62.166666666666664,50,34.565,NA,NA,NA,"North Macedonia","Europe & Central Asia","Upper middle income",2.7,33.5,-0.08483863497773804,6236.445612077827,0.55734920501709,2.7,3,33.0288696289062,85,80.43574463045317,100,13.284529765757666,NA,1.41647,11.1735,NA,14.423719396666668,14.257167080425168,72.80744675725623,0.776,52.3,0.11453149281442165,70.37333333333333,NA,3.6,6.9,74,41.150000000000006
"SRB",80.9,88.14815555555558,8.833333333333334,64.63333333333334,41,24,NA,NA,NA,"Serbia","Europe & Central Asia","Upper middle income",1.2,33.1,0.02838823835675913,7844.544198243827,0.676606357097626,2.5,10,8.84685134887695,93.75,75.06418921002457,100,14.200727022701233,NA,1.01711,NA,NA,7.9744224563333335,14.562012535611666,77.8479495368602,0.8056666666666668,46.849999999999994,0.6113958805799484,62.879999999999995,NA,2.5,4.1,80,45
"BRA",80.5,83.3333222222222,19.666666666666668,62.86666666666667,47.333333333333336,52.72,58,NA,NA,"Brazil","Latin America & Caribbean ","Upper middle income",4.266666666666667,52.3,-0.542671342690786,9029.789188433017,0.551497936248779,4,72,46.8978614807128,85,87.0538213532614,99.83333333333333,12.770110876632733,14.8971,0.44079,1321.3796333333335,26.82148550666667,30.3046875,43.4820522680513,73.53216636745609,0.7593333333333333,48.3,-0.0060033113695681095,59.26,5.311443625566045,4.7,9.9,83,51.1
"PSE",80.3,75.92593333333333,42.333333333333336,72.76666666666667,19,8,15,NA,NA,"West Bank and Gaza","Middle East & North Africa","Lower middle income",0.5,33.7,-0.9695450266202287,3004.776048590363,0.579996645450592,NA,20,NA,26.25,80.22785308778776,100,11.1948684248313,19.5,6.32373,NA,NA,8.359251991999999,NA,NA,0.7193333333333333,NA,NA,41.22,NA,NA,4,NA,NA
"MLT",80.3,NA,NA,49.1,97,NA,37,NA,NA,"Malta","Middle East & North Africa","High income",0.3,31.4,0.684845467408498,32115.5041249987,0.709248304367065,2.5,3,10.1601848602294,90.41666666666667,99.77829293075399,100,6.2826004544933465,NA,0,2.1639666666666666,7.444894146,30.635829910000002,NA,75.82725851648351,0.9146666666666667,71.05000000000001,NA,63.61666666666667,NA,4.6,1.9,19,39.75
"THA",80.3,81.85185555555553,23.166666666666668,45.03333333333333,110.5,21.495,42,NA,NA,"Thailand","East Asia & Pacific","Upper middle income",0,34.9,0.17306892573833466,6262.98524810567,0.609310984611511,5.666666666666666,29,23.4157752990722,78.125,NA,99.93333333333334,26.376845521374268,6.79482,0.09383,461.12013333333334,4.443102812333334,18.54780199,8.332134027233934,74.50770577731093,0.802,41.900000000000006,1.044337272644043,53.39,NA,5.2,1.3,31,68.55000000000001
"ZAF",79.9,77.40742222222224,37,51.86666666666667,85,31.59,30,67.75,70.3,"South Africa","Sub-Saharan Africa ","Upper middle income",20.5,63,-0.1453682333230974,5762.492016144103,0.425453394651413,7.966666666666667,127,82.0170516967773,88.125,NA,87.43333333333334,12.483559185609867,24.2,1.28776,538.471,15.496694886666667,9.072200139666666,18.088863199065266,63.97568756047873,0.7253333333333333,39.95,0.056271457695402205,77.52333333333333,3.294470005299129,7.9,9,129,46.65
"KAZ",78.8,86.2963,16.333333333333332,62.3,51.5,23.045,42,NA,NA,"Kazakhstan","Europe & Central Asia","Upper middle income",0,29.2,0.10643334562579813,11128.378347134867,0.628506422042847,2.5,13,10.4149551391601,73.54166666666667,89.3499692261019,100,13.0945884778492,0.79376,2.8957,327.18853333333334,50.728092196666665,10.029857613333332,44.73021675026033,71.7222289721002,0.81466666666666665,44.349999999999994,-0.38566450774669647,47.95666666666666,NA,2.5,0.5,77,45.400000000000006
"LKA",78.7,81.85187777777777,21.833333333333332,50.36666666666667,88.83333333333333,NA,16,NA,NA,"Sri Lanka","South Asia","Lower middle income",1,37.7,-0.253171019256115,4121.631338481997,0.598324298858643,3.9999999999999996,29,14.8060665130615,64.79166666666667,47.2047883976657,100,18.512425250921865,NA,0.39502,39.777,0.07462561633333334,29.861999503333333,22.549684837339967,69.79423522090653,0.78,36.75,-0.49618568271398544,48.593333333333334,NA,5.3,1.2,47,33.6
"UKR",78.2,74.07406666666667,46.166666666666664,62.3,47.333333333333336,32.35666666666667,55,NA,NA,"Ukraine","Europe & Central Asia","Upper middle income",0,25.6,-0.4313250482082367,2153.7406005859402,0.631387114524841,5.633333333333333,17,NA,85,87.67028239958519,100,8.711329564561261,1.1,1.9901,225.61313333333334,9.239787100666666,12.96219061,14.364210841853767,76.12862802811466,0.778,52.1,0.3154963180422783,61.33,NA,4.8,4.3,101,37.9
"EGY",77.9,84.81484444444446,14.833333333333334,40.96666666666667,127.5,12.870000000000001,22,48.15,67.8,"Egypt, Arab Rep.","Middle East & North Africa","Lower middle income",1.5,31.9,-0.381815026203791,3992.7840407513036,0.494374662637711,8.2,17,56.1192741394043,50.625,NA,100,15.451813583965734,0.89992,3.73367,371.9547,4.951487513666667,13.136054996666667,28.208281140929166,69.54128133533135,0.7333333333333333,39.6,-0.17553154937922955,35.81,NA,7.2,8.8,107,29.15
"ECU",77.8,67.40741111111113,65.83333333333333,65.93333333333334,38,26.645,35,NA,NA,"Ecuador","Latin America & Caribbean ","Upper middle income",3.533333333333333,45.3,-0.34837228556474065,6074.116316169703,0.594254851341248,13.933333333333334,66,65.9371261596679,89.375,67.07464201012112,100,12.847130242305035,NA,2.54171,75.71593333333334,17.214269623333333,23.353141793333332,18.812515983667332,70.45936355042016,0.7436666666666667,48.9,-1.0849872529506683,64.09666666666666,NA,13.9,13,82,49.5
"IDN",77.5,86.6666777777778,11.666666666666666,68.66666666666667,31,34.269999999999996,40,NA,NA,"Indonesia","East Asia & Pacific","Upper middle income",2.3,35.7,0.4543057779471083,4022.74447238116,0.540038466453552,7.066666666666666,173,52.82275390625,68.54166666666667,30.1745286238049,99.73333333333333,18.74910749744267,19.41083,1.15297,1203.1937,3.0576004993333332,12.1656971,23.032866558447132,70.08740955882351,0.71,30.9,-0.12085618823766708,55.56666666666667,NA,5.9,0.5,87,49.8
"URY",76.1,78.51853333333334,35.333333333333336,54.53333333333333,75,54.70666666666666,55,NA,NA,"Uruguay","Latin America & Caribbean ","High income",0.16666666666666669,40.666666666666664,0.833166539669037,17958.28868940363,0.59876024723053,2.5,19,43.618366241455,88.75,NA,100,9.923943717123132,5.04714,0,41.903800000000004,0.75242301599999994,3.675072902666667,NA,77.81995679590017,0.817,40.75,-0.0357060544192791,75.32666666666667,NA,2.5,2.9,35,39.7
"ARG",75.6,80,31,45.4,110.5,35.593333333333334,50,NA,NA,"Argentina","Latin America & Caribbean ","Upper middle income",0.7,41.266666666666666,-0.35052143534024566,12888.441433072934,0.602144718170166,3.2333333333333334,45,59.1471900939941,79.375,NA,100,16.0592526684879,15.93801,1.14782,381.438,11.76689909,8.619967136,38.5456817741159,73.5398412114846,0.8446666666666667,44.05,-0.2756749950349331,73.88333333333334,NA,3.2,13.1,60,55.25
"IND",74.9,76.6666888888889,39.5,56.06666666666667,71,40.32666666666667,47,NA,NA,"India","South Asia","Lower middle income",12.9,32.8,0.36463007827599836,2095.899704169007,0.493510901927948,13.799999999999999,103,56.0705604553222,74.375,NA,99.33333333333333,13.477390167051967,49.01085,0.36045,3877.9245333333333,0.24088311399999998,7.518889409,8.740202344525047,63.115427170868344,0.64,23.25,0.4721870571374893,43.68666666666667,NA,16.6,NA,112,43.2
"MUS",74.8,84.44445555555558,17.333333333333332,55.53333333333334,72.5,24.165,NA,75.2,79.7,"Mauritius","Sub-Saharan Africa ","Upper middle income",0.1,36.8,0.7633926272392273,10522.927996305078,0.62185925245285,6.166666666666667,84,NA,89.375,NA,99.86666666666666,11.519306052135633,NA,0.71263,6.3017666666666665,0.003878208,4.725389001333333,13.19007703107819,68.40076386554624,0.8076666666666666,46.05,-0.15388319920748472,67.63,NA,6.8,10.5,81,39
"MAR",74.2,68.8888888888889,61.166666666666664,66.63333333333334,35.166666666666664,17.585,12,60.95,78.8,"Morocco","Middle East & North Africa","Lower middle income",1.4,39.5,-0.09595688308278737,3346.0037434895835,0.504116356372833,6.733333333333333,72,59.7595329284668,75.625,74.74703722199457,100,15.1364843672332,10.85088,0.13343,115.61393333333334,0.6756215033333334,2.2007162856666667,11.047709071439623,70.88980791316526,0.6813333333333333,33.95,-0.5730770826339722,48.39,NA,6.3,NA,86,34.6
"JOR",74.1,79.62967777777777,29.333333333333332,57.166666666666664,66.33333333333333,13.16,22,NA,NA,"Jordan","Middle East & North Africa","Lower middle income",0,33.7,0.258291319012642,3911.4805383164967,0.553174376487732,17.7,41,62.24605178833,51.041666666666664,85.71039456540888,99.96666666666667,17.123827742370466,16.72229,0.37097,34.20516666666667,0.9820715063333333,4.475624565666666,19.671054059798966,70.00104642538832,0.7233333333333333,45.45,-0.08413801807910204,49.519999999999996,NA,NA,NA,100,42
"MNE",74,82.59261111111114,24,54.733333333333334,75,18,NA,NA,NA,"Montenegro","Europe & Central Asia","Upper middle income",2,34.3,0.06303584948182094,7894.29483861312,0.633181810379028,2.5,6,15.8112621307373,85,85.11113185199193,99.93333333333334,3.6454903587784666,8.8,0,NA,0.410597999,13.828640643333333,25.332316581395933,71.29818788515408,0.8316666666666667,47.3,NA,68.83,NA,2.5,3.3,103,42.45
"SEN",73.9,75.9259222222222,40.666666666666664,48.733333333333334,93.66666666666667,12.165,12,62.7,57.4,"Senegal","Sub-Saharan Africa ","Lower middle income",9.9,36.2,0.044698784127831466,1436.8635533360466,0.420110791921616,4.566666666666666,261,68.5682296752929,70.625,26.587017022385066,67.93333333333334,15.2076163389848,31.60484,0.28954,30.310966666666666,1.8515626063333335,26.394170786666667,30.5747024132576,61.756844922969194,0.5123333333333333,38.849999999999994,-0.7204005122184753,64.55666666666667,NA,5.7,11.1,117,34.349999999999994
"MYS",73.9,78.14816666666667,35.666666666666664,55.166666666666664,71.16666666666667,25.8,42,NA,NA,"Malaysia","East Asia & Pacific","Upper middle income",0,40.7,0.940156936645508,10997.355400164666,0.610976159572601,2.5,21,42.025634765625,53.541666666666664,93.91573618293323,100,23.237212984381397,NA,0.30979,347.4996,5.5561285006666665,13.326673503333334,NA,69.92542894491129,0.8063333333333333,38,1.2290184795856476,58.303333333333335,NA,2.7,6,42,55.75
"PRY",73.2,65.1851888888889,72.16666666666667,45.766666666666666,111,25.663333333333334,34,NA,NA,"Paraguay","Latin America & Caribbean ","Upper middle income",1.1,44.36666666666667,-0.577333559592565,6309.342233941006,0.528180062770844,4.3,71,77.7440109252929,94.375,64.19755204978729,100,19.374213623265867,15.1,0.10182,45.565533333333335,NA,14.314720183333334,10.6949294288864,68.88078199643493,0.7263333333333333,40.2,-0.5725875943899155,60.266666666666666,NA,4.2,6.1,88,40.05
"TUN",72.3,63.333355555555535,75.5,55.6,71.5,32.185,23,71.9,71.6,"Tunisia","Middle East & North Africa","Lower middle income",0.3,33.7,-0.25679161151250196,3948.1987054844835,0.516809940338135,3.2666666666666666,37,65.532859802246,64.375,74.23773393252263,99.96666666666667,15.0687784413532,7.64301,1.8475,49.54346666666667,1.0355212896666668,7.914675704333334,25.683983545651465,72.71903596893301,0.7376666666666667,43,0.2027519941329956,59.69,NA,3,12.6,79,31.8
"PER",72.2,81.1111111111111,25.833333333333332,59.766666666666666,57.166666666666664,30.465,38,NA,NA,"Peru","Latin America & Caribbean ","Upper middle income",2.7333333333333334,40.233333333333334,-0.3951763411362967,6587.213024668957,0.6051926612854,7.033333333333333,69,44.4424438476562,95,51.888578672110064,96,12.399647086486967,34.47168,0.11317,102.64046666666667,5.466492364,22.435704566666665,11.796941462956969,71.75584737713267,0.768,43.15,-0.7277123481035233,60.92666666666667,NA,7,NA,52,54.349999999999994
"SLV",72.1,85.55556666666668,14.333333333333334,40.33333333333333,134.33333333333334,17,13,NA,NA,"El Salvador","Latin America & Caribbean ","Upper middle income",3.466666666666667,38.86666666666667,-0.20421470453341817,4359.381447415563,0.546176612377167,6.8999999999999995,43,69.0736236572265,88.75,NA,99.3,14.7022924573634,16.5,1.32163,12.937100000000001,0.707033485,8.644199390333332,61.03424779452293,70.5772433600713,0.6766666666666667,41.2,-0.08531822275836021,58.32,NA,7.7,16.2,98,41.849999999999994
"GTM",71.6,70.74075555555554,53.666666666666664,36,151.33333333333334,25,19,NA,NA,"Guatemala","Latin America & Caribbean ","Upper middle income",9.5,48.3,-0.8626096844673157,4374.83794395277,0.461270093917847,12.799999999999999,96,78.5161895751953,73.75,56.2057012143797,98.7,13.989963599257166,37.6,0.13192,44.853566666666666,0.8059851843333333,20.119276016666667,13.534884736284743,59.56274849439775,0.6346666666666667,30.25,-0.3273763172328472,52.53666666666666,NA,13.3,21.1,104,30.05
"AZE",71.3,78.14814444444447,37.166666666666664,56.46666666666666,70.5,NA,22,NA,NA,"Azerbaijan","Europe & Central Asia","Upper middle income",NA,NA,0.046541965256134736,5530.68042996781,0.577767550945282,2.5,41,37.5467720031738,80.83333333333333,71.4565845583512,100,5.82697451101695,26.92667,1.46575,68.59823333333334,0.43692888933333335,10.155125606666667,5.367539434058489,73.823268179032965,0.7453333333333333,39.55,-0.9083496630191803,40.18666666666667,NA,2.5,0.5,85,34.45
"ARE",71,NA,NA,76.43333333333332,13.666666666666666,26,27,NA,NA,"United Arab Emirates","Middle East & North Africa","High income",0,26.4,1.42237110932668,42324.69731050904,0.673011898994446,2.9333333333333336,9,25.9162464141845,82.5,NA,100,10.222763240337757,NA,1.95563,292.32663333333335,11.48044779,19.351305003333334,NA,69.83075305429865,0.9143333333333333,52,0.07554737874306738,48.10666666666667,NA,2.5,1.2,33,39.85
"UZB",70.9,64.44443333333334,75.33333333333333,63.9,43.166666666666664,NA,32,NA,NA,"Uzbekistan","Europe & Central Asia","Lower middle income",2.3,31.2,-0.29278179009755434,3581.70483914904,0.622805714607239,2.5,30,32.3652610778808,74.58333333333333,79.50106447470984,99.96666666666667,19.139177408839767,NA,5.26905,225.28826666666666,NA,5.767846594666667,27.270632502267933,71.24903988042188,0.7246666666666667,40.400000000000006,-0.3836269900202751,46.91,NA,2.5,6.8,49,38.35
"SAU",70.7,NA,NA,51.6,86.66666666666667,20.906666666666666,29,NA,NA,"Saudi Arabia","Middle East & North Africa","High income",NA,NA,0.6144585410753887,23756.8718229902,0.576390504837036,3.1666666666666665,16,32.4055786132812,74.16666666666667,NA,100,14.1437301365871,NA,4.02535,800.3321333333333,2.4940986876666664,4.760127089333333,NA,67.61774567264843,0.8726666666666667,40.2,0.7137765884399414,34.47,NA,3.8,NA,56,44.95
"UGA",70.2,70.0000222222222,57.166666666666664,48.1,96.33333333333333,12.96,31,48.05,61.05,"Uganda","Sub-Saharan Africa ","Low income",42.1,42.7,-0.5850832064946493,936.08050962105,0.384176582098007,36.86666666666667,284,81.9233627319335,79.375,18.355054150388067,46.46666666666667,16.1516558577211,54.01214,0,56.1751,NA,16.061845793333333,17.7954290313182,54.822095470872526,0.5246666666666667,35.8,-0.6931374222040176,50.413333333333334,NA,31.6,24.9,133,37.75
"ZWE",69.3,58.5185,92.33333333333333,46.1,105.33333333333333,6.1899999999999995,NA,48.05,61.4,"Zimbabwe","Sub-Saharan Africa ","Lower middle income",39.8,50.3,-1.23737331231435,1359.2906514679967,0.46689310669899,38.36666666666667,357,NA,86.875,26.503283707139968,49.733333333333334,16.468624451058535,21.56821,0,29.9315,NA,27.214746493333333,10.195742147499727,55.19221002197705,0.598,48.900000000000006,-1.0194682031869888,49.99666666666667,NA,38.4,28.6,141,32.9
"RWA",69.3,68.14815555555558,62.666666666666664,62.73333333333333,48,24.275,25,59.3,75.7,"Rwanda","Sub-Saharan Africa ","Low income",52,43.7,0.28257370988527936,949.6207102453553,0.379552751779556,32,259,NA,86.45833333333333,NA,49.96666666666667,9.66841889326723,38.34923,0.04931,8.999333333333334,NA,9.105247499333334,18.639199354483733,59.948843749019005,0.5333333333333333,33.349999999999994,-0.751694068312645,47.03333333333333,NA,31.6,NA,116,32.1
"DOM",69.1,72.96296666666667,49.333333333333336,57.63333333333333,64.66666666666667,30,35,NA,NA,"Dominican Republic","Latin America & Caribbean ","Upper middle income",0.8333333333333334,37.5,0.019000708358362203,8664.78849286729,0.502766907215118,5,107,77.7178573608398,86.25,44.91500394930617,98.1,14.6067345175959,11.24888,0.01463,41.64833333333333,17.503761286666666,26.33850352,16.425101559771132,72.10520839062899,0.7673333333333333,44.95,-0.10138856247067451,74.39333333333333,NA,6.3,22,89,35.15
"BOL",68.5,66.6666666666667,68,48.266666666666666,99.33333333333333,26,22,NA,NA,"Bolivia","Latin America & Caribbean ","Lower middle income",2,40.9,-0.655822038650513,3165.7828801492064,NA,22.1,161,NA,88.75,NA,99.46666666666667,10.399236076383866,46.62568,1.6988,58.40606666666667,NA,30.865568186666664,14.928404853733467,69.01471493426916,0.701,42.7,-0.9765589386224747,54.4,NA,19.4,NA,113,30.95
"MMR",67.7,71.4814888888889,53.166666666666664,50,89.33333333333333,6.28,NA,NA,NA,"Myanmar","East Asia & Pacific","Lower middle income",2,30.7,-1.61765424410502,1163.1763788173632,0.477652013301849,5.066666666666666,179,89.4679412841796,58.75,57.3728247899405,73.3,24.354144208766865,58.28105,1.04075,168.57866666666666,0.47783900766666665,6.580059084,6.9739431309568864,60.42016356633563,0.5943333333333333,23.25,-1.0310643762350082,35.71666666666667,NA,3.8,5,109,38.05
"BIH",67.6,65.1852,70.16666666666667,42.96666666666666,117.66666666666667,14,NA,NA,NA,"Bosnia and Herzegovina","Europe & Central Asia","Upper middle income",0.1,33,-1.0353139241536478,6276.510330112043,0.57968407869339,2.5,6,NA,85,87.1653809061217,100,13.8926259986931,4,0.21814,29.1313,0,4.032990626,11.579994398318119,74.07676907455291,0.7813333333333333,42.7,0.5635204017162323,67.57666666666667,NA,2.5,3.1,95,35.9
"PAN",66.9,67.77777777777777,62.333333333333336,46.266666666666666,108.33333333333333,25,35,NA,NA,"Panama","Latin America & Caribbean ","High income",1.1666666666666667,50.233333333333334,-0.07140673448642067,15781.083720768765,0.501601994037628,5.433333333333333,50,78.5126113891601,79.375,NA,95.1,5.11760909323145,16.3,0,18.273133333333334,26.844728489999998,31.3670845,NA,67.3208339229398,0.8076666666666666,51.7,0.14835868030786514,65.50333333333333,NA,5.3,NA,57,51.95
"BGD",66.7,61.48148888888887,82.33333333333333,37.766666666666666,146,11.525,24,NA,NA,"Bangladesh","South Asia","Lower middle income",7.833333333333333,33.06666666666666,-0.704680323600769,1797.2689888183133,0.46403643488884,11.866666666666667,123,51.2200012207031,49.375,59.11614567734447,99.26666666666667,21.780837072807067,51.86921,0.72524,279.62343333333337,5.356942684666667,4.605962784333333,11.758317372427934,65.69491623058313,0.6533333333333333,25.6,-0.9242853373289108,40.74333333333333,NA,11.2,11,106,35.45
"PAK",66.7,72.5926111111111,48.833333333333336,43,118.66666666666667,8.115,NA,NA,NA,"Pakistan","South Asia","Lower middle income",4.9,29.6,-0.5471138159433999,1617.90255346038,0.406070023775101,20.099999999999998,154,79.5432510375976,57.708333333333336,50.258841063797504,94.96666666666667,13.096877565495367,55.97371,0.51992,551.0711666666666,0.7665293073333334,12.314585696666667,39.68719720040073,59.04858828426475,0.5443333333333333,25.05,-0.5714782923460007,43.693333333333335,NA,18.5,12.9,124,30.85
"CIV",66.4,69.25928888888888,59.5,33,154.33333333333334,NA,20,54.099999999999994,51.2,"Cote d'Ivoire","Sub-Saharan Africa ","Lower middle income",9.7,35.3,-0.41007864475250266,2224.1705290036234,0.379889339208603,9.433333333333334,480,79.8854217529296,91.04166666666667,43.85025613570866,70.63333333333334,14.046742556668733,53.21082,0,35.88313333333333,0.07257561466666666,22.96141241,13.936141341374366,62.205254761904754,0.5503333333333333,37.849999999999994,-1.0220864564180374,71.47333333333333,NA,7.7,9.7,151,32.05
"VNM",66.1,78.8889,31.166666666666668,50.833333333333336,88,18.15,33,NA,NA,"Viet Nam","East Asia & Pacific","Lower middle income",0.9,36.333333333333336,0.18151275813579568,3574.159870018563,NA,5.2,46,18.1209163665771,88.125,57.60693510729276,100,24.307237973730633,5.76598,0.12234,491.38616666666667,0.560890605,7.576780798666666,6.7969196099241795,72.81916171377644,0.7053333333333333,22.35,0.12127498677000403,24.076666666666664,NA,5,1.2,44,42.55
"NER",65.8,68.14816666666667,62.333333333333336,33.833333333333336,157.83333333333334,NA,NA,45.95,42.5,"Niger","Sub-Saharan Africa ","Low income",50.6,32.9,-0.6374971866607667,550.7329046388004,0.31568518280983,13.033333333333333,441,90.4368209838867,54.791666666666664,NA,19.2,7.2697858226723095,70.44397,1.0794,42.6827,NA,18.199020396666665,15.771422050950667,47.72750857844509,0.4023333333333334,38.85,-0.840106651186943,68.73333333333333,NA,16.1,30.5,143,29.2
"KEN",65.8,55.92594444444443,97.16666666666667,41.800000000000004,124.33333333333333,31.935000000000002,26,58.25,52.65,"Kenya","Sub-Saharan Africa ","Lower middle income",36.1,38.7,-0.3196826378504433,1751.6108540184966,0.546752512454987,33.36666666666667,530,79.2863388061523,83.75,NA,76.16666666666667,7.569306137655134,50.81331,0,116.68493333333333,0.7419099746666666,12.268173193333334,24.740200196897266,60.809409313725496,0.578,33.85,-0.5066367089748383,60.696666666666665,NA,27.8,28,114,40.95
"TGO",65.5,71.85185555555553,52,36.266666666666666,146.66666666666666,15,15,50.75,59.7,"Togo","Sub-Saharan Africa ","Low income",26.6,37.9,-0.636649231115977,864.9458169662266,0.431868046522141,13.233333333333334,399,81.6579208374023,87.08333333333333,19.321672001966434,56.7,12.636913131346834,38.5,1.43618,10.9949,0.19964909866666666,27.975912096666665,10.479526375411236,56.16689992997199,0.5363333333333333,34.85,-0.9835490733385086,63.54666666666667,NA,17.4,19.4,142,26.950000000000003
"GHA",65,75.55557777777777,43.333333333333336,39.86666666666667,137.33333333333334,17.595,28,64.65,67.9,"Ghana","Sub-Saharan Africa ","Lower middle income",25.2,43.5,-0.12519879390796035,2060.587737937233,0.450056403875351,6.1000000000000005,263,NA,75,44.178074639745404,85.5,11.198677300587166,33.48685,0.19819,52.54496666666667,0.09669180333333333,14.844057093333333,13.24910783459631,61.82066491596638,0.6316666666666667,32.3,-0.7657164558768272,70.67666666666668,NA,4.9,6.2,119,32.95
"TZA",64.9,64.07408888888887,73.66666666666667,55.7,73.5,16.884999999999998,NA,53.15,50,"Tanzania","Sub-Saharan Africa ","Lower middle income",44.9,40.5,-0.5212626059850053,1072.5889078776067,0.389834702014923,23.833333333333332,238,NA,81.25,11.2306455955308,44.766666666666666,8.20216256563024,40.88048,NA,88.92893333333333,3.0150361020000003,38.33354058333333,17.2881199868634,56.95557659791189,0.5483333333333333,38.900000000000006,-1.0239318311214447,50.53666666666667,NA,23.5,26.3,128,31.75
"GMB",64.6,70.0000222222222,57.5,46.06666666666667,109.33333333333333,NA,20,55.2,58.9,"Gambia, The","Sub-Saharan Africa ","Low income",17.2,38.8,-0.6400899092356364,709.3396473513043,0.421570628881455,20.1,458,NA,69.375,47.4794973514313,64.83333333333334,1.61356245452841,38.89309,0,2.3293666666666666,0.6038402106666667,7.7185812,17.34745147062281,58.40578032212885,0.5013333333333333,37,NA,69.85,NA,19.6,27,139,29.1
"BFA",64.5,66.2963111111111,68.66666666666667,50.9,86.66666666666667,16.06,23,54.900000000000006,47.900000000000006,"Burkina Faso","Sub-Saharan Africa ","Low income",25.3,37.4,-0.81480042139689135,743.0004484221777,0.383691936731339,15.3,264,73.8611907958984,82.5,NA,19.333333333333332,10.477868335117634,26.55025,0.14709,36.1923,NA,16.426374413333335,13.128229401939194,52.036449395027404,0.45,38.85,-0.768514558672905,72.53,NA,16.2,21.2,132,32.1
"BEN",64,64.81485555555557,69.5,51.733333333333334,85,10.735,14,56.45,47.85,"Benin","Sub-Saharan Africa ","Lower middle income",12.7,34.4,-0.209058577815692,1219.5010109104235,0.400290727615356,10.333333333333334,523,55.7761039733886,82.70833333333333,NA,51.666666666666664,9.78843352912449,67.93293,1.27828,20.48923333333333,0,29.643325803333333,16.557271830148633,55.102306232493,0.5263333333333333,33.7,-0.7387626618146896,54.21666666666667,NA,9.9,15.3,147,26.2
"LCA",64,58.8888666666667,91.66666666666667,58.833333333333336,62,14.325,21,NA,NA,"St. Lucia","Latin America & Caribbean ","Upper middle income",0.1,43.7,-0.047928715745608065,10667.110257387667,0.602564752101898,NA,73,NA,83.75,NA,100,2.84570478194046,NA,0.01082,0.4285,0.21854989733333333,18.745208713333334,4.866325854642943,NA,0.7243333333333333,50.25,NA,NA,NA,NA,4.5,NA,34.45
"MWI",63.6,73.7037111111111,47.833333333333336,39.63333333333333,137,10.695,15,54.150000000000006,47.45,"Malawi","Sub-Saharan Africa ","Low income",70.1,38.5,-0.8350745240847267,562.4495872773643,0.413240641355515,19.73333333333333,381,NA,79.16666666666667,17.542515571375365,14.066666666666666,10.703995084712213,49.78452,0,20.480766666666668,NA,22.876047110000002,8.579736017348349,56.107282376430206,0.5156666666666667,37.85,-0.9737821966409683,64.31333333333333,NA,17.8,52.2,121,28.15
"QAT",63.2,NA,NA,43.300000000000004,121.66666666666667,18.765,22,NA,NA,"Qatar","Middle East & North Africa","High income",0,35.1,1.1367051998774234,64971.7238266025,0.637771606445313,NA,8,21.058874130249,31.458333333333332,96.65283562821887,100,8.904000549348307,NA,0.31664,195.60513333333333,2.292061589,15.7816658,NA,65.15989146167558,0.856,39.9,-0.20011922903358936,53.903333333333336,NA,NA,NA,38,46.900000000000006
"CPV",63.1,67.03703333333333,67.66666666666667,45.766666666666666,109.16666666666667,NA,NA,71.30000000000001,59.3,"Cabo Verde","Sub-Saharan Africa ","Lower middle income",4.6,42.4,0.012069117743521905,3888.3924379490068,NA,12.6,42,NA,86.25,NA,96.56666666666666,4.947109706038403,NA,0,1.2869666666666666,6.769979999999999e-4,2.8952403023333333,13.835806633441033,68.77376414027148,0.6666666666666667,39.95,NA,77,NA,18.2,6.3,73,33.35
"JAM",62.8,59.25926666666667,90.16666666666667,60.03333333333333,58,26.825,31,NA,NA,"Jamaica","Latin America & Caribbean ","Upper middle income",0.3,40.2,0.46263350049654633,5167.516042956517,0.534977912902832,7.3999999999999995,99,NA,70.20833333333333,NA,100,8.218834205695291,NA,0.00279,7.7051,0.7659152626666667,18.726147309999998,27.405003242339568,69.45643335243189,0.7136666666666667,47.05,-0.3377685844898224,83.09333333333333,NA,8.3,25.6,67,31.35
"WSM",62.6,58.14817777777777,90.83333333333333,45,113.83333333333333,NA,NA,NA,NA,"Samoa","East Asia & Pacific","Lower middle income",1.2,38.7,0.39352514346440637,3886.4733391608434,0.54842168092727706,5.3,59,NA,75,62.17636357760297,98.3,4.96360845553985,NA,0,0.5482666666666667,0.14401339166666668,8.224873514333332,16.207213275795233,NA,0.7113333333333333,41.75,NA,78.10000000000001,NA,4.6,3.4,NA,29.25
"KWT",62.1,NA,NA,44.43333333333333,115.83333333333333,NA,NA,NA,NA,"Kuwait","Middle East & North Africa","High income",NA,NA,0.015210377673308198,25672.8644564015,0.562588036060333,2.5,7,51.0825309753418,38.125,100,100,8.83970996588353,NA,3.79516,163.92636666666667,1.364254385,17.103778813333335,NA,63.21828394641307,0.8306666666666667,43.4,-0.34336240589618683,47.45,NA,2.5,4.5,43,38.45
"LBR",61.9,56.666655555555565,98.16666666666667,38.43333333333334,144,NA,17,48.5,35.7,"Liberia","Sub-Saharan Africa ","Low income",27.6,35.3,-1.3987958033879566,637.7541184216257,0.319014221429825,38.36666666666667,652,NA,81.25,NA,31.133333333333333,2.27703502919099,63.88484,0,5.2767,0.10334260766666667,4.052999991,7.618039839225483,49.87903228683082,0.48166666666666663,29.599999999999998,-1.4338867366313934,64.58333333333334,NA,38.4,37.5,160,35.1
"SYC",61.8,73.3333111111111,48.666666666666664,39.86666666666667,135.5,NA,NA,73.15,68.55000000000001,"Seychelles","Sub-Saharan Africa ","High income",0.5,32.1,0.7288341522216797,16636.3628754391,0.632779061794281,2.5,3,NA,76.25,NA,100,5.867155399245464,NA,0,1.1922666666666666,32.8150177,61.520877813333335,NA,NA,0.7933333333333333,51.75,NA,77.79333333333334,NA,4.3,3.3,39,32.5
"MDV",61.6,63.70368888888886,76.16666666666667,48.86666666666667,95.16666666666667,NA,NA,NA,NA,"Maldives","South Asia","Upper middle income",0,29.3,0.067658056815465,10770.332741979037,NA,NA,57,NA,73.75,NA,100,2.036773824646257,34.845,2.49223,2.4055,0.067595103,2.297363786,14.567243801751767,71.42236990950227,0.7453333333333333,37.75,NA,62.45,NA,NA,2.2,NA,31.4
"KHM",61.5,60,86.33333333333333,34.266666666666666,156.5,NA,13,NA,NA,"Cambodia","East Asia & Pacific","Lower middle income",NA,NA,-0.37733134627342235,2011.04137416668,0.491589874029159,4.733333333333333,218,90.0033493041992,81.25,28.9102874632403,89.03333333333333,26.703061704970267,39.7,0.15731,49.90656666666667,1.4415576153333334,39.73863600666667,9.653609815814427,64.03659435192259,0.5956666666666667,30.65,-0.4854784831404686,46.22,NA,4.8,14.8,92,31.05
"ZMB",61.4,54.81483333333337,103.5,41.8,128.66666666666666,7.455,NA,50.1,56,"Zambia","Sub-Saharan Africa ","Lower middle income",63.13333333333333,52.93333333333333,-0.7126567165056866,1299.6054166052534,0.396927535533905,35.06666666666666,135,98.5042114257812,81.25,NA,47.43333333333333,8.389208812084153,48.25813,0.8487,30.0849,NA,41.25939940333333,11.709904591441587,53.764168885692996,0.57,42.55,-0.664482556283474,58.86666666666667,NA,29.8,32.1,137,27.25
"BRB",60.7,NA,NA,22.2,183,NA,NA,NA,NA,"Barbados","Latin America & Caribbean ","High income",NA,NA,0.435571610927582,18264.449387910267,NA,3.6333333333333333,39,NA,80,NA,100,5.60012297988511,NA,0,0.9200666666666667,0.005578485,1.2701082076666665,NA,70.05586369172444,0.7923333333333333,53.150000000000006,NA,NA,NA,2.5,7.4,NA,33.55
"BLZ",60.6,61.85185555555553,81.5,41.1,129.5,NA,24,NA,NA,"Belize","Latin America & Caribbean ","Upper middle income",NA,NA,-0.41989587744077067,6101.981478314333,NA,4.5,130,NA,80.41666666666667,NA,98.3,6.453526850125311,15.72533,0,0.9674333333333334,11.019183186666668,37.54658129,24.058148198070512,65.54528518907563,0.6926666666666667,48.7,NA,71.18333333333334,NA,4.9,5.9,91,29.95
"NPL",60.5,73.70369999999997,46.5,43.63333333333333,115.33333333333333,15.545,19,NA,NA,"Nepal","South Asia","Lower middle income",3,30.933333333333334,-0.8851935863494873,1104.1456055440133,0.504601776599884,5.7,174,NA,80.625,16.103391718722335,90.83333333333333,4.723245521179953,40.2822,0.08031,56.64503333333333,NA,23.626041403333332,10.80577959992342,66.50121652488238,0.6056666666666667,30.700000000000003,-0.3007683679461479,61.98,NA,5.4,13.2,118,34.8
"DZA",60.4,50.74072222222223,112,31.3,165.66666666666666,NA,NA,55.8,41.9,"Algeria","Middle East & North Africa","Upper middle income",0,27.6,-0.6121268073717754,4553.873071292267,0.534556448459625,2.5,78,NA,57.5,70.58096623050346,99.93333333333334,9.233251325725856,13.26502,7.01864,284.3546666666667,0.068022598,4.640436190666667,0.5474522774907673,70.89503652915712,0.743,35.650000000000006,-0.9608757197856903,48.00333333333334,NA,2.5,5.6,70,26.5
"TON",60.1,55.92592222222223,100.83333333333333,42,122.5,NA,NA,NA,NA,"Tonga","East Asia & Pacific","Upper middle income",0,27.1,0.008226367334524995,4624.189264825886,0.531120657920837,NA,126,NA,58.75,29.522007954164668,100,5.10625728353559,NA,0,0.2826666666666667,0.058384001666666664,12.588621113333334,8.016087014017744,NA,0.7446666666666667,42.099999999999994,NA,72.14666666666666,NA,NA,3.7,NA,25.45
"MLI",60,61.851866666666666,79.5,42.03333333333333,124.33333333333333,6.49,NA,43.35,39,"Mali","Sub-Saharan Africa ","Low income",20.8,35.7,-1.17967164516449,734.5285827271604,0.318269580602646,8.766666666666666,440,90.438362121582,63.75,NA,53.13333333333333,15.571061052626233,41.92883,0.25806,48.73843333333333,NA,7.527049513666667,5.40300617594041,57.49268512682012,0.42933333333333334,31.5,-0.8832808956503868,57.75666666666667,NA,12.8,NA,144,29.8
"BRN",59.9,NA,NA,53.766666666666666,77.5,NA,NA,NA,NA,"Brunei Darussalam","East Asia & Pacific","High income",NA,NA,1.4103980859120702,28843.4914902621,0.626391351222992,NA,44,NA,53.125,NA,100,10.55353613761108,NA,1.3317,15.001199999999999,0.2010988,46.8721199,NA,65.03704937441643,0.8296666666666667,47,NA,45.60666666666667,NA,NA,NA,NA,38.25
"AGO",59.8,45.555566666666664,123.33333333333333,39.53333333333333,134.33333333333334,NA,11,41.3,48.650000000000006,"Angola","Sub-Saharan Africa ","Lower middle income",31.1,51.3,-1.0537679195404066,2366.78612351952,0.362405389547348,22.833333333333332,222,NA,79.375,NA,48.4,7.328674831703814,62.6,1.02424,67.5247,0.004929807666666667,6.971426495666666,31.0163858372134,50.90047769926153,0.5903333333333333,35.3,-1.052900493144989,57.13666666666666,NA,21.6,31.2,158,27.15
"HND",59.8,60.000022222222235,87.33333333333333,37.333333333333336,148.83333333333334,NA,25,NA,NA,"Honduras","Latin America & Caribbean ","Lower middle income",12.7,48.2,-0.827193001906077,2477.8095699928936,0.481023132801056,19.73333333333333,72,79.2916030883789,75,65.0809027509265,94.3,15.9193493950423,31.5,0.29499,23.4863,4.577913294666667,23.450593916666666,16.343103813174,63.1186219187675,0.6246666666666667,38.35,-0.6626527607440948,39.303333333333335,NA,18.7,23.5,99,26.25
"FJI",59.5,60.000011111111135,87.16666666666667,40.06666666666667,135.83333333333334,NA,NA,NA,NA,"Fiji","East Asia & Pacific","Upper middle income",1.3,30.7,0.5817353328069049,5196.525471123583,0.508573293685913,7.5,38,NA,82.5,41.82157241786194,92.03333333333333,10.283530551602412,9.4,0.66517,2.9537,0.9248796036666667,5.411196703,8.55183212778875,72.79889254471018,0.7376666666666667,38.65,NA,62.75333333333333,NA,6.6,6.3,NA,25.6
"BTN",59.4,63.33336666666667,75,40.86666666666667,130.66666666666666,NA,NA,NA,NA,"Bhutan","South Asia","Lower middle income",0.3,31.466666666666665,0.6128376722335813,3301.8899542661034,0.475297033786774,NA,60,NA,75,73.11651691950127,100,8.22612244572408,NA,0,3.0663,NA,49.66933440333333,16.6059476570796,72.74092795678689,0.6683333333333333,42.9,NA,68.95,NA,NA,NA,NA,40.3
"NGA",59.3,57.777777777777764,95.33333333333333,48.06666666666666,95,17.565,24,48.05,53.6,"Nigeria","Sub-Saharan Africa ","Lower middle income",30.9,35.1,-0.9721270799636853,2395.97378485863,0.360609829425812,17.666666666666668,1047,NA,66.25,28.796933018150867,60.166666666666664,14.522671795809366,48.98206,0.34195,408.24583333333334,0.016709297333333335,13.926649096666667,13.742360120607833,54.1978811179017,0.536,33.1,-1.686182677745819,52.22,NA,15.9,21.3,157,37.5
"BWA",59,50.74073333333333,111.5,48.166666666666664,100.83333333333333,9.254999999999999,20,68,59.2,"Botswana","Sub-Saharan Africa ","Upper middle income",15.4,53.3,0.3980062504609426,7097.323870938327,0.414028495550156,24.266666666666666,186,50.8376502990722,63.75,NA,75.16666666666667,5.413683145291657,39.6,0,12.161466666666666,NA,29.143257113333334,2.5723620892714836,62.56943732176061,0.7076666666666667,51.6,-0.8531108647584915,66.61666666666667,NA,22.9,26.7,131,32.35
"LAO",58.6,67.03705555555553,64,40.46666666666667,134.16666666666666,NA,NA,NA,NA,"Lao PDR","East Asia & Pacific","Lower middle income",7.1,38.8,-0.6189616719881693,2598.1755148002267,0.456665337085724,5.566666666666667,126,97.71728515625,85.625,17.8402831270018,100,8.91626341427973,21.8,0.33311,36.78093333333333,NA,18.687561013333333,17.906982270636,62.8829574998541,0.6083333333333333,28.5,-0.6975566148757935,34.24666666666667,NA,4.7,7.2,111,33.8
"TLS",58.2,68.8889111111111,60.666666666666664,37.833333333333336,147.33333333333334,NA,NA,NA,NA,"Timor-Leste","East Asia & Pacific","Lower middle income",24.4,28.7,-0.7886727849642433,1624.1648482481933,0.454314529895783,15.933333333333334,204,NA,86.25,NA,99.8,1.229251855954487,33.9,4.70623,2.5065999999999997,1.3716499936666666,15.997529010000001,1.02116994064426,NA,0.6116666666666667,42.5,NA,79.09,NA,22.3,NA,NA,26
"SUR",58.2,66.66667777777776,66.66666666666667,56.43333333333334,70.16666666666667,NA,NA,NA,NA,"Suriname","Latin America & Caribbean ","Upper middle income",1.1,39.2,-0.8642128109931944,7083.44502742369,NA,10,96,NA,72.70833333333333,55.78952024889347,98.93333333333334,24.999403500606235,15.80035,3.55473,4.495733333333334,1.543223886,14.520138713333333,18.942189948379735,68.97829113719291,0.7426666666666667,51.4,NA,74.20666666666666,NA,9,7.2,123,34.1
"AFG",58,52.5926,106.33333333333333,31.4,165,NA,NA,NA,NA,"Afghanistan","South Asia","Low income",NA,NA,-1.84587879975637,388.666326522664,0.400284141302109,30.066666666666666,620,93.2679977416992,33.958333333333336,29.7940130878404,89.43333333333334,8.763356244848607,73.3,0.72134,28.971799999999998,NA,3.6372566073333337,2.67397501265809,47.67603386512181,0.483,37.3,-1.1811197698116302,45.943333333333335,NA,30.1,28.4,153,28.35
"CHN",57.8,80,30.5,35.86666666666667,151.83333333333334,24.72,40,NA,NA,"China","East Asia & Pacific","Upper middle income",0,35.7,0.6603793998559316,11651.460566959468,0.65310263633728,2.5,23,18.2000007629394,77.29166666666667,NA,100,26.931427266134534,NA,0.1896,15644.877633333334,5.4790086916666665,15.616045983333334,9.902982477380506,72.00069584680024,0.7646666666666667,31.9,1.286035269498825,23.14,NA,2.5,NA,5,48.25
"MOZ",57.6,63.70375555555557,73.83333333333333,29.5,167.16666666666666,9.07,10,48.650000000000006,46,"Mozambique","Sub-Saharan Africa ","Low income",74.5,50.3,-0.7521506150563559,598.1499056630114,0.362116664648056,25.3,127,NA,82.5,NA,32.63333333333333,7.77289146367883,54.95891,0,39.2868,2.1459140926666667,29.484800313333334,70.3238367646637,52.76079212723551,0.45166666666666666,35.35,-1.25985187292099,56.876666666666665,NA,30.5,39.6,150,30
"LBN",57.5,46.666655555555536,122.33333333333333,38.666666666666664,136.66666666666666,12,NA,NA,NA,"Lebanon","Middle East & North Africa","Lower middle income",0,31.8,-1.4506437778472934,5930.497456676813,0.515125513076782,9.799999999999999,21,NA,58.75,47.7,100,1.4268298768899501,4.5,13.13085,31.4931,0.22528850833333333,1.8901917976666667,41.88832424913077,67.53725826330532,0.7256666666666667,36.05,0.2828920818865299,54.03666666666666,NA,NA,12.6,108,35.099999999999994
"SLE",57.5,57.03705555555557,94.66666666666667,43.56666666666666,117.83333333333333,13.816666666666666,12,52.1,51.25,"Sierra Leone","Sub-Saharan Africa ","Low income",26.1,35.7,-1.15942053000132,1067.8394113219401,0.36270210146904,28.333333333333332,443,NA,79.16666666666667,10.170594282912843,28.766666666666666,7.344284979932923,50.64661,0.08621,7.0907,1.6274394996666666,12.749683393333333,10.510686618512796,55.65399534313727,0.47733333333333333,36.3,NA,67.99,NA,27.8,31.9,162,33.400000000000006
"MRT",57.2,58.8889111111111,89,35.833333333333336,148.5,NA,NA,41.599999999999994,48.9,"Mauritania","Sub-Saharan Africa ","Lower middle income",5.4,32,-0.7549378673235577,1575.77971273555,0.381546080112457,8.966666666666667,464,NA,48.125,NA,48.56666666666667,6.400155058394986,56,3.16842,16.556566666666665,4.153437604666667,0.6219882123333333,10.200093169349374,57.22786603641456,0.5583333333333333,31.35,-1.4276229441165924,61.766666666666666,NA,8.7,9.5,138,25.799999999999997
"OMN",57.1,NA,NA,76.46666666666667,13.666666666666666,NA,14,NA,NA,"Oman","Middle East & North Africa","High income",NA,NA,0.04698965698480597,18486.4363902347,0.608116269111633,5.7,17,40.6137619018554,39.166666666666664,90.8047168037924,100,9.506871708980636,NA,0.1584,135.39316666666667,0.3299865906666667,3.5802445136666665,NA,67.94789981368305,0.8273333333333333,41,-0.4206817299127579,43.49666666666667,NA,2.8,NA,55,40
"NAM",56.8,51.4815111111111,109.16666666666667,39.666666666666664,135.66666666666666,10.675,19,NA,NA,"Namibia","Sub-Saharan Africa ","Upper middle income",15.6,59.1,0.046426873654127135,3892.9667157295335,0.446437537670136,21.633333333333333,215,NA,80,NA,55.86666666666667,11.040147011027399,41.4,0,12.946466666666668,1.7141996873333334,37.89093019333333,NA,64.27933609943977,0.629,47.45,-0.6648644953966141,81.01,NA,17.1,33,125,30.6
"GUY",56.3,50.37036666666667,113.83333333333333,29.666666666666668,168,NA,11,NA,NA,"Guyana","Latin America & Caribbean ","High income",NA,NA,-0.27406764030456565,17059.999794114166,0.495226472616196,2.5,112,NA,86.875,NA,92.96666666666667,2.289700650414917,12.1402,9.6e-4,7.750966666666667,0.018885190333333333,8.500243195666666,2.072570624928547,68.21048114376431,0.7143333333333333,43.75,NA,72.76666666666667,NA,2.5,NA,120,30.4
"ETH",56.3,57.03703333333333,95.16666666666667,26.900000000000002,162.83333333333334,12.815,NA,46.65,34.1,"Ethiopia","Sub-Saharan Africa ","Low income",27,35,-0.7369563182195027,847.1076289819566,0.382784843444824,22.633333333333333,267,90.3896408081054,80,13.119103272660567,54.733333333333334,4.44205776858556,64.31438,1.07542,190.38043333333334,NA,17.00963781,17.945602472547066,54.41773979024799,0.498,34.05,-1.0324844717979431,54.86666666666667,NA,21.9,21.1,122,37.599999999999994
"GIN",56,55.1851888888889,100.5,43.9,115,NA,NA,41.1,34.05,"Guinea","Sub-Saharan Africa ","Lower middle income",13.8,29.6,-0.9248683055241903,996.541030472752,0.37094247341156,10.166666666666668,553,82.6748275756835,73.75,NA,47.4,12.304501891827632,49.00714,0.01118,28.949866666666665,0.52972879,37.56547161666667,2.1292360581312,54.56646323529412,0.466,34.05,-1.4740624129772186,61.303333333333335,NA,12.9,49.5,159,27.65
"IRN",56,78.14815555555558,35.333333333333336,40.8,132,NA,NA,NA,NA,"Iran, Islamic Rep.","Middle East & North Africa","Upper middle income",0.5666666666666667,35.03333333333333,-0.930786530176798,5484.589284527194,0.593404471874237,6.5,22,41.5363006591796,31.25,94.17704523500073,100,20.205734300576932,NA,19.2038,946.6923666666667,0.8045547866666667,8.614132893666666,0.3275445040556563,69.10225794817927,0.778,38.15,-0.11401331122033298,25.11,NA,6.1,7.4,58,38
"LSO",55.7,67.03705555555557,65.5,44.266666666666666,116.16666666666667,NA,NA,55.05,57.6,"Lesotho","Sub-Saharan Africa ","Lower middle income",32.4,44.9,-0.9295854369799297,965.7076683779253,0.400392591953278,NA,566,96.8991394,78.95833333333333,28.100235938562868,50.13333333333333,15.602204586807499,25.55318,0.08023,3.0023666666666666,NA,0.5031593146666666,6.580686422059554,54.693233901329926,0.5196666666666667,34.599999999999994,NA,64.02333333333334,NA,46,32.8,164,31.75
"CMR",55.4,53.33336666666666,104.66666666666667,44.2,114.33333333333333,8.785,24,42.75,35.9,"Cameroon","Sub-Saharan Africa ","Lower middle income",23,42.2,-0.897443115711212,1456.3355549623734,0.397401511669159,5.733333333333333,438,71.9326171875,60,NA,69.13333333333334,13.3827606457792,32.67179,0.21165,43.3359,10.891898186666667,10.978883713333333,21.806995527795134,55.09091937866056,0.579,34.4,-1.2281438410282135,50.3,NA,6.4,26.7,152,30.400000000000002
"BHR",54.7,NA,NA,59.833333333333336,58,19.07,22,NA,NA,"Bahrain","Middle East & North Africa","High income",NA,NA,0.6731056769688923,24783.5272838587,0.652472019195557,NA,16,30.1656990051269,67.08333333333333,98.9039755631804,100,20.912851735068898,NA,2.26603,69.7955,14.497915447,10.844885523666667,NA,62.51490580808081,0.878,38.65,0.562894657254219,33.486666666666665,NA,NA,NA,50,37.599999999999994
"MDG",54.3,52.59263333333333,107.16666666666667,37.5,145.66666666666666,NA,NA,44.05,41.6,"Madagascar","Sub-Saharan Africa ","Low income",80.7,42.6,-1.007575273513793,442.1879910197127,0.391991019248962,39.43333333333334,392,95.2420349121093,69.375,21.9901916420745,35.766666666666666,9.49672393900893,67.42009,0.46468,35.033766666666665,0.9137278933333334,7.486076385,5.20124892641951,50.35553333333334,0.504,29.05,-1.201435774564743,62.14666666666667,NA,51,12.2,145,30.65
"STP",53.5,61.48149999999997,82.16666666666667,38.36666666666667,144.33333333333334,NA,NA,59.7,49.25,"Sao Tome and Principe","Sub-Saharan Africa ","Lower middle income",15.7,40.7,-0.832920471827189,1404.0406740630333,NA,16.166666666666664,146,NA,83.125,36.26319961193567,78.16666666666667,NA,52.6,1.41101,0.2654666666666667,0.026786486,29.25590899,5.3860062582914265,62.71924499030381,0.6196666666666667,44.55,NA,NA,NA,13.1,14.1,94,23.75
"TTO",53.4,47.7777666666667,120.16666666666667,29.433333333333334,168.33333333333334,21,22,NA,NA,"Trinidad and Tobago","Latin America & Caribbean ","High income",NA,NA,0.0285809220125279,15848.763882071133,0.603487730026245,12.666666666666666,27,20.644582748413,75,NA,100,21.1001939000982,7.5,2.27679,45.716,0.04890860466666667,30.592819203333335,NA,63.9013687104103,0.8163333333333334,50.15,-0.02212272398173809,77.89,NA,12.2,10.2,64,37.25
"TJK",53.4,72.96296666666663,48.166666666666664,41.53333333333334,126,14,12,NA,NA,"Tajikistan","Europe & Central Asia","Lower middle income",6.1,34,-0.7248328924179079,1328.9776641512167,0.504116356372833,8.966666666666667,17,NA,78.75,55.2824560804687,99.86666666666666,15.0934017220179,17.06392,5.9269,22.621,NA,22.27866171,10.541510074672717,69.26266456821367,0.675,34.7,-0.8848001211881638,41.266666666666666,NA,9.3,NA,75,29.55
"SWZ",53.2,69.62963333333333,60.5,11.466666666666667,186,8,NA,44.7,32.3,"Eswatini","Sub-Saharan Africa ","Lower middle income",36.1,54.6,-0.8058140675226847,3643.305163369683,0.37250080704689,12.133333333333333,240,NA,46.25,NA,82.5,28.333572909731398,10.8082,0,3.3177666666666665,NA,4.258264514,4.681132484772613,57.65667052379141,0.6073333333333333,41.8,0.16830609180033207,50.913333333333334,NA,11.6,18.3,161,30
"PLW",52.2,48.8888666666667,117.5,31.133333333333333,165,NA,NA,NA,NA,"Palau","East Asia & Pacific","High income",NA,NA,0.41930881142616266,12261.619000043333,0.588113486766815,NA,NA,NA,56.25,90.0277105034262,100,1.0676913870585367,NA,NA,1.4085333333333332,100,44.17679598666667,NA,NA,0.772,NA,NA,NA,NA,NA,NA,NA,22.7
"VCT",52.2,54.444444444444436,102.33333333333333,48.4,95.33333333333333,NA,NA,NA,NA,"St. Vincent and the Grenadines","Latin America & Caribbean ","Upper middle income",NA,NA,0.23279996464649846,8771.907290942778,0.533341825008392,5.133333333333333,62,NA,68.125,NA,100,3.3244155626835266,NA,0.5515,0.15343333333333334,0.220097499,22.41962240666667,14.9221299543225,NA,0.7613333333333333,53.7,NA,NA,NA,3.1,10.3,NA,33.1
"IRQ",52.1,36.29631111111113,135.83333333333334,45.4,109,NA,NA,NA,NA,"Iraq","Middle East & North Africa","Upper middle income",0.1,29.5,-1.3374884525934867,4252.717274750857,0.407643288373947,16.066666666666666,76,NA,47.083333333333336,59.72934831825443,100,2.8529782157319565,49.33894,3.77942,358.68373333333335,0,1.5334120996666667,4.275643736108263,63.98517931985294,0.687,29.05,-1.0682249516248703,35.32,NA,16.3,NA,115,23.65
"NIC",51.7,52.222233333333335,107.33333333333333,39.6,137.66666666666666,NA,NA,NA,NA,"Nicaragua","Latin America & Caribbean ","Lower middle income",3.9,46.2,-1.0022175510724403,2193.6142067138003,0.508098244667053,19.46666666666667,78,78.9034957885742,86.25,55.5159170451418,86.43333333333334,13.878231835610267,67.2,0.18175,20.8794,3.392358793333333,21.347276696666665,28.5517754128739,64.81957818627451,0.6616666666666667,42.55,-0.994319498538971,44.733333333333334,NA,17.8,NA,78,38.15
"COD",51.1,42.222211111111136,128.66666666666666,42.6,122,16,NA,32.35,37.3,"Congo, Dem. Rep.","Sub-Saharan Africa ","Low income",78.9,44.7,-1.7308237155278534,511.117744407453,0.366369277238846,36.56666666666667,547,96.6015014648437,78.75,11.517461712807133,21.266666666666666,17.5627350818042,78.36226,0,61.2269,0.23643191366666666,13.846868846666666,1.46385035939084,48.68097792950514,0.48,38.2,-1.6034062206745148,49.20666666666666,NA,35.3,40.7,163,26.05
"BDI",50.1,61.111122222222235,83.16666666666667,40.3,132.83333333333334,NA,NA,40.05,34.95,"Burundi","Sub-Saharan Africa ","Low income",62.1,37.5,-1.2739707231521633,254.38010525380935,0.386170625686646,NA,494,95.8188552856445,76.25,NA,10.266666666666667,9.36171645020186,36.8,0.12616,7.430733333333333,NA,7.591471690666666,9.7164329715273,53.47881990885794,0.42766666666666664,32,NA,53.43666666666667,NA,NA,NA,134,22.4
"TCD",49.3,51.851877777777766,108,21.666666666666668,180.66666666666666,NA,NA,34.85,39.7,"Chad","Sub-Saharan Africa ","Low income",30.833333333333332,37.43333333333333,-1.4546008904774967,570.525767162194,0.299782782793045,34.6,1063,94.410545349121,66.25,6.233011797536413,11.566666666666666,3.19150040080212,82,0.42236,88.56386666666667,NA,20.971254316666666,7.864475864414447,44.516317836466484,0.398,32,-1.9946119785308838,56.57,NA,31.4,NA,165,24.2
"VUT",47.8,43.7036888888889,126.66666666666667,28.333333333333336,156.66666666666666,NA,NA,NA,NA,"Vanuatu","East Asia & Pacific","Lower middle income",10,32.3,-0.5528545379638673,2634.0667275443766,0.454658538103104,7.966666666666667,94,NA,55.625,NA,70,2.77656491882666,NA,0,0.5901666666666666,0.007637314333333333,4.200531986666666,5.879749148634703,NA,0.6086666666666667,40.95,NA,NA,NA,9.5,2.4,NA,26.45
"VEN",47.3,59.62963333333333,87.33333333333333,30,142,11.395,NA,NA,NA,"Venezuela, RB","Latin America & Caribbean ","Not classified",NA,NA,-1.72095016638438,NA,NA,18.400000000000002,259,NA,85,NA,100,12.0733564315826,NA,5.8667,166.33706666666666,4.350415399,56.8789978,NA,62.17116478668392,0.7023333333333333,49.849999999999994,-1.0964491814374924,42.39,NA,17.9,NA,97,21.15
"ATG",46.9,45.1852,124,34.06666666666666,158.33333333333334,NA,NA,NA,NA,"Antigua and Barbuda","Latin America & Caribbean ","High income",NA,NA,0.008835737903913001,17223.082354702867,0.595703899860382,NA,21,NA,67.91666666666667,NA,100,2.6202255566002064,NA,2.19398,0.3562,0.299942092,19.937442793333332,NA,NA,0.792,54,NA,NA,NA,NA,7.1,NA,30.1
"GRD",46.4,56.2962888888889,99.33333333333333,16.3,187,NA,NA,NA,NA,"Grenada","Latin America & Caribbean ","Upper middle income",0.3,43.8,0.017631940543651598,9305.10262897262,0.565070509910584,NA,21,NA,80.625,89.9176799999318,94.03333333333333,3.42031377738373,NA,0,0.1922,0.09803569533333334,9.537955294666666,7.394698561972007,NA,0.7956666666666667,46.849999999999994,NA,NA,NA,NA,6.6,NA,26.15
"BHS",46.3,NA,NA,34.666666666666664,156.66666666666666,NA,24,NA,NA,"Bahamas, The","Latin America & Caribbean ","High income",NA,NA,0.37136485179265333,29658.641185686567,NA,NA,77,NA,81.25,NA,100,1.2830369226753033,NA,0.97833,1.8620999999999999,7.922884488,36.63364790666667,NA,60.97766902241227,0.8143333333333334,56.05,NA,NA,NA,NA,3.4,NA,29.85
"KIR",45.5,40.74071111111113,131.66666666666666,26.53333333333333,158,NA,NA,NA,NA,"Kiribati","East Asia & Pacific","Lower middle income",1.7,27.8,0.054803567628065764,1956.5555507771933,0.492592930793762,3.7333333333333334,76,NA,76.25,14.341100293109033,93.86666666666667,5.091440497537793,NA,0,0.10923333333333334,11.81516459,22.360414503333335,NA,NA,0.6256666666666667,46.65,NA,NA,NA,12.1,8,NA,23.9
"PNG",45.3,52.59254444444447,108.33333333333333,21.966666666666665,179,NA,NA,NA,NA,"Papua New Guinea","East Asia & Pacific","Lower middle income",NA,NA,-0.8342490196228026,2447.37165998658,0.429185003042221,27.466666666666665,192,NA,60,NA,19.633333333333333,1.6630919969912168,NA,1.15925,9.1073,0.13888580366666667,3.690060113,36.4183578364781,53.65216676362852,0.5593333333333333,30.85,-1.3532498180866241,69.8,NA,23.4,NA,149,25.65
"KNA",44.4,43.518533333333366,127.66666666666667,36.333333333333336,146.66666666666666,NA,NA,NA,NA,"St. Kitts and Nevis","Latin America & Caribbean ","High income",NA,NA,0.377785235643387,20524.849176099466,0.586181640625,NA,NA,NA,71.25,NA,100,4.331731399194107,NA,0.38432,0.15186666666666665,3.9775331006666668,22.898313506666668,NA,NA,0.7796666666666667,NA,NA,NA,NA,NA,5.6,NA,31.25
"AND",44.4,NA,NA,NA,NA,NA,NA,NA,NA,"Andorra","Europe & Central Asia","High income",NA,NA,1.5732091665267933,38978.88309713813,NA,NA,NA,NA,NA,90.64000150961166,100,3.6789419731071598,NA,NA,NA,NA,26.85726549,NA,NA,0.8596666666666667,NA,NA,73.50666666666667,NA,NA,NA,NA,32.6
"SOM",44.1,29.259255555555566,142.66666666666666,27.766666666666666,170,NA,NA,22.799999999999997,18.6,"Somalia","Sub-Saharan Africa ","Low income",NA,NA,-2.03104285399119,462.434142946111,NA,51.1,621,NA,46.875,NA,49.03333333333333,NA,NA,0.00518,33.2557,0,0,6.345789518555867,48.010627267830216,NA,NA,NA,44.26,NA,48.7,43.4,163,16.95
"DJI",43.8,57.03704444444447,95.83333333333333,29.233333333333334,171,NA,NA,42.05,36.3,"Djibouti","Middle East & North Africa","Lower middle income",19.1,41.6,-0.7834779818852743,2954.88821438164,NA,12.700000000000001,234,NA,71.25,NA,65.13333333333334,5.22820108698994,NA,2.65407,2.220666666666667,0.16786450533333333,1.5746458923333333,1.40834559352391,52.58366484593838,0.5103333333333333,39.9,NA,31,NA,16.8,16.5,126,24.549999999999997
"SLB",43.1,52.9629777777778,106.66666666666667,28.633333333333333,172.33333333333334,NA,NA,NA,NA,"Solomon Islands","East Asia & Pacific","Lower middle income",26.6,37.1,-0.7504096428553263,1937.0366975144466,0.419872611761093,19.566666666666666,122,NA,56.875,NA,76.1,8.695534474961063,NA,0,0.5893666666666667,0.11674949833333334,1.9417591426666665,3.24940477753839,NA,0.5653333333333332,38.6,NA,NA,NA,19,NA,NA,22.55
"SDN",42.7,65.55556666666666,71.16666666666667,23.8,160.5,NA,NA,34.4,44.05,"Sudan","Sub-Saharan Africa ","Low income",15.3,34.2,-1.775213042895,916.6743164062514,0.377445191144943,11.266666666666667,270,NA,32.5,NA,62.733333333333334,NA,73.7,1.92474,146.346,15.964439396666666,2.281763305,17.043582067079544,48.59012717086834,0.5106666666666667,33.35,-1.3140255510807037,42.95333333333333,NA,11.9,18.1,127,29.15
"GAB",42.5,39.999966666666666,132.33333333333334,27.233333333333334,171.66666666666666,NA,NA,48.15,33.7,"Gabon","Sub-Saharan Africa ","Upper middle income",2.5,38,-0.7605385382970173,6516.076064600687,0.457612454891205,20.1,227,30.6775608062744,90.83333333333333,NA,92.93333333333334,20.723903197796165,44.33265,0.18083,18.760033333333332,28.827136996666667,22.442756683333332,15.3999017444452,62.95287163865546,0.7083333333333333,51.5,-0.9580152779817581,58.50666666666667,NA,23,NA,140,20.85
"CAF",42,34.81478888888887,138.33333333333334,25.3,179,NA,NA,31.15,22.1,"Central African Republic","Sub-Saharan Africa ","Low income",65.7,43,-1.70616873105367,397.819480515407,0.291631907224655,23.233333333333334,835,NA,77.5,6.1122624076132395,15.7,18.3358589563566,68.9131,0.01151,13.3419,NA,18.06482318333333,6.877944920379334,39.574307139687775,0.4073333333333333,41.95,NA,57.53333333333333,NA,48.7,61.8,167,19.65
"DMA",41.5,49.25925555555557,115.83333333333333,37.13333333333333,146,NA,NA,NA,NA,"Dominica","Latin America & Caribbean ","Upper middle income",NA,NA,0.014401413500308805,7967.826225054237,0.544749319553375,13.6,NA,NA,62.5,NA,100,2.67140917654342,NA,0,0.1465,0.033810343,21.961853010000002,22.238831292729767,NA,0.7236666666666667,50.25,NA,NA,NA,6.7,NA,NA,26.75
"TUV",41.1,47.7777666666667,120.16666666666667,28.4,174,NA,NA,NA,NA,"Tuvalu","East Asia & Pacific","Upper middle income",3.6,39.1,-0.3895637889703117,4561.562271775473,0.447577118873596,NA,NA,NA,NA,8.693825719723744,99.9,1.02631578947368,NA,NA,0.0059,0.029219812,13.240639696666666,NA,NA,0.6383333333333333,NA,NA,NA,NA,NA,NA,NA,20.1
"GNB",39.5,50.37036666666667,111.66666666666667,19.5,182,NA,NA,40.3,20.65,"Guinea-Bissau","Sub-Saharan Africa ","Low income",26,33.4,-1.45593746503194,747.252766673696,NA,32.266666666666666,725,NA,47.916666666666664,23.8397072322957,36.86666666666667,10.624598838956544,60.81037,0.14046,3.2262,8.988976493,26.84498281333333,16.9807287279758,NA,0.48533333333333334,41.1,NA,62.559999999999995,NA,37.9,32,155,20.35
"MHL",39.2,33.3333111111111,139.83333333333334,30.7,166.66666666666666,NA,NA,NA,NA,"Marshall Islands","East Asia & Pacific","Upper middle income",0.9,35.5,0.10637130774557597,5464.1916034660335,0.42339813709259,NA,NA,NA,65.625,NA,99.93333333333334,2.4146015145861432,NA,NA,0.0024,0.26880328966666667,11.915708513333334,NA,NA,0.6393333333333333,39.35,NA,NA,NA,NA,NA,NA,21.700000000000003
"HTI",39.1,50,115.5,3.6333333333333333,187.66666666666666,6,8,NA,NA,"Haiti","Latin America & Caribbean ","Lower middle income",29.2,41.1,-2.2248841921488465,1256.1865673394866,0.446564912796021,49.666666666666664,350,NA,61.25,NA,48.6,22.324058161264,48.9,1.37572,14.819033333333334,1.4744833903333334,8.607054703333334,3.2029422433362464,52.70810067481538,0.5393333333333333,31.25,-1.1016540080308914,63.60333333333333,NA,45,42.9,148,30.25
"GNQ",38.7,36.6666333333333,136.66666666666666,30.46666666666667,166.33333333333334,NA,NA,27.35,25.4,"Equatorial Guinea","Sub-Saharan Africa ","Upper middle income",NA,NA,-1.2671543757120767,5376.79592589634,NA,NA,212,NA,53.958333333333336,NA,66.93333333333334,23.65624135089,NA,0.59925,11.9876,0.23511471266666667,19.26675989,NA,NA,0.6,43.25,-1.567001849412918,46.21333333333333,NA,NA,NA,156,17.7
"NRU",37.4,24.8148,141.33333333333334,10.6,189,NA,NA,NA,NA,"Nauru","East Asia & Pacific","High income",1.7,32.4,0.07380090653896323,8403.897119469697,NA,NA,NA,NA,NA,NA,100,NA,NA,0,0.0012,0,0,NA,NA,NA,NA,NA,NA,NA,NA,NA,NA,18.75
"COG",36.9,44.444455555555564,125.83333333333333,29.7,168,NA,NA,35.150000000000006,23.85,"Congo, Rep.","Sub-Saharan Africa ","Lower middle income",35.4,48.9,-1.3414425452550267,1688.2928135139366,0.41926571726799,26.900000000000002,282,70.0140151977539,55.208333333333336,46.0765362516652,50.300000000000004,12.8531970155196,44.18359,0.04065,25.67663333333333,3.0105464153333332,36.79332350666667,6.894912175041177,52.52204186507936,0.5716666666666667,40.85,-1.502122938632965,60.07666666666667,NA,33.3,58.8,146,25.1
"FSM",36.8,42.2222222222222,129.16666666666666,31.26666666666667,163.66666666666666,NA,NA,NA,NA,"Micronesia, Fed. Sts.","East Asia & Pacific","Lower middle income",16,40.1,0.30559459328651434,2992.0466378412166,0.505966544151306,NA,74,NA,61.25,NA,84.73333333333333,0.497894367962113,NA,0,0.05176666666666666,0.015772393333333332,0.049162813,NA,NA,0.63,39.099999999999994,NA,NA,NA,NA,NA,NA,29.5
"SSD",34.1,43.7037,127.83333333333333,16.233333333333334,183,NA,NA,18.2,27.8,"South Sudan","Sub-Saharan Africa ","Low income",67.3,44.1,-2.371783256530763,1080.14718624765,0.306520849466324,19.5,1223,NA,67.5,NA,8.166666666666668,3.53427701123526,94.2,0,NA,NA,15.501501093333333,NA,37.858554417348834,0.388,NA,NA,50.63333333333333,NA,21.4,63.2,166,21.450000000000003
"YEM",32.6,36.29630000000003,135.33333333333334,36.53333333333333,149.5,4.715,NA,NA,NA,"Yemen, Rep.","Middle East & North Africa","Low income",19.8,36.7,-2.2781945069630933,892.9576098753263,0.372784405946732,38.63333333333333,183,94.660057067871,26.875,NA,75.63333333333334,NA,44.2,0,37.666266666666665,0.46757350799999997,0.7719439953333334,14.5629550318343,46.7292362745098,0.45866666666666667,NA,-1.2995103895664215,33.19,NA,34.5,12.8,136,18
"SYR",30.8,26.2962888888889,143.5,27,173,NA,NA,NA,NA,"Syrian Arab Republic","Middle East & North Africa","Low income",24.8,26.6,-1.76940310001373,719.6262642411667,NA,33.4,30,NA,40,NA,88.93333333333334,NA,NA,NA,45.89196666666667,0.246988811,0.685302798,3.14853680210342,57.27167521075738,0.5793333333333333,NA,NA,28.51,NA,27.8,NA,108,17.7
"TKM",28.8,34.4444333333333,139.33333333333334,1.3,188.66666666666666,NA,6,NA,NA,"Turkmenistan","Europe & Central Asia","Upper middle income",NA,NA,-1.1089730262756348,7560.063139799384,NA,4.033333333333333,5,NA,NA,94.87271381568073,100,NA,8.5065,8.90922,128.6143,2.993856689333333,3.248262189,NA,68.01006068278127,0.7426666666666667,38.8,-1.0422484874725342,23.6,NA,5.7,NA,54,32.599999999999994
"LBY",23.5,29.259255555555566,141.33333333333334,20.933333333333334,181.33333333333334,NA,NA,35.400000000000006,14.9,"Libya","Middle East & North Africa","Upper middle income",NA,NA,-1.7132585446039832,7458.349329116087,NA,11.566666666666666,72,NA,50,NA,70.06666666666666,2.80678251468398,NA,8.52451,103.49846666666667,0.6336792903333333,0.12844489333333334,NA,NA,0.7143333333333333,NA,-1.2806710451841354,42.55,NA,8.4,21.2,105,24.3
"ABW",NA,NA,NA,35.1,155,NA,NA,NA,NA,"Aruba","Latin America & Caribbean ","High income",NA,NA,0.9948435028394064,29521.5357763392,NA,NA,NA,NA,NA,NA,99.93333333333334,2.56243337150077,NA,6.7e-4,0.4908666666666667,1.0518566666666666e-4,18.917575813333336,NA,NA,NA,NA,NA,NA,NA,NA,NA,NA,NA
"ASM",NA,NA,NA,NA,NA,NA,NA,NA,NA,"American Samoa","East Asia & Pacific","High income",NA,NA,0.6535123189290367,13550.591153609566,NA,NA,NA,NA,NA,89.8545469094066,NA,NA,NA,NA,0.0084,8.723742495,15.847867003333334,NA,NA,NA,NA,NA,NA,NA,NA,NA,NA,NA
"BMU",NA,NA,NA,NA,NA,NA,NA,NA,NA,"Bermuda","North America","High income",NA,NA,1.29748217264811,108251.467325486,NA,NA,NA,NA,NA,NA,100,0.35406927786465303,NA,NA,0.3499,5.64e-5,2.0799191,NA,NA,NA,NA,NA,NA,NA,NA,NA,NA,NA
"CHI",NA,NA,NA,NA,NA,NA,NA,NA,NA,"Channel Islands","Europe & Central Asia","High income",NA,NA,NA,67202.88152119453,NA,NA,NA,NA,NA,NA,100,0.852050351647168,NA,NA,NA,NA,NA,NA,NA,NA,NA,NA,NA,NA,NA,NA,NA,NA
"COM",NA,45.55552222222224,125.33333333333333,NA,NA,NA,NA,42.8,33.6,"Comoros","Sub-Saharan Africa ","Lower middle income",18.6,45.3,-1.6773339509963967,1370.2190623583367,0.40468829870224,16.5,217,NA,65,NA,89.23333333333333,NA,68.6,0.04532,0.9172666666666667,0.374477289,33.752712216666666,5.633603593311417,52.07300693277311,0.56,40.35,NA,63.919999999999995,NA,13.5,27.4,130,25.049999999999997
"CUB",NA,NA,NA,45.83333333333333,106.16666666666667,NA,NA,NA,NA,"Cuba","Latin America & Caribbean ","Upper middle income",NA,NA,-0.3587317764759063,7454.924810734403,NA,2.5,39,NA,NA,NA,100,10.667916564861432,10.54202,NA,44.21893333333333,3.852249115333333,16.229137406666666,NA,75.23452328981153,0.7776666666666667,50,-1.0101307332515717,30.793333333333333,NA,2.5,NA,27,31.4
"CUW",NA,NA,NA,NA,NA,NA,NA,NA,NA,"Curacao","Latin America & Caribbean ","High income",NA,NA,NA,17018.2779081025,NA,NA,NA,NA,NA,NA,100,2.6167753087693897,NA,NA,NA,0.038173812,15.74577711,NA,NA,NA,NA,NA,NA,NA,NA,NA,NA,NA
"CYM",NA,NA,NA,NA,NA,NA,NA,NA,NA,"Cayman Islands","Latin America & Caribbean ","High income",NA,NA,1.2464669942855833,79428.27708312814,NA,NA,NA,NA,NA,NA,100,0.9750844171475407,NA,NA,0.34076666666666666,0.07767310733333332,10.7627697,NA,NA,NA,NA,NA,NA,NA,NA,NA,NA,NA
"ERI",NA,28.8888777777778,142.16666666666666,NA,NA,NA,NA,25.799999999999997,16.8,"Eritrea","Sub-Saharan Africa ","Low income",NA,NA,-1.7403424978256232,751.374899794668,NA,NA,322,NA,69.375,NA,54.43333333333333,NA,NA,0.00258,6.9323,0,0,NA,NA,0.49366666666666664,30.35,NA,22.01,NA,NA,NA,135,21.95
"FRO",NA,NA,NA,NA,NA,NA,NA,NA,NA,"Faroe Islands","Europe & Central Asia","High income",NA,NA,NA,57650.84441845973,NA,NA,NA,NA,NA,NA,100,7.159466699047684,NA,NA,0.051,0.010831210666666665,2.329093206,NA,NA,NA,NA,NA,NA,NA,NA,NA,NA,NA
"GIB",NA,NA,NA,NA,NA,NA,NA,NA,NA,"Gibraltar","Europe & Central Asia","High income",NA,NA,NA,NA,NA,NA,NA,NA,NA,100,100,NA,NA,NA,0.6811333333333333,0,1.5616229376666666,NA,NA,NA,NA,NA,NA,NA,NA,NA,NA,NA
"GRL",NA,NA,NA,51.833333333333336,84.16666666666667,NA,NA,NA,NA,"Greenland","Europe & Central Asia","High income",NA,NA,0.756129781405131,48514.5271286311,NA,NA,NA,NA,NA,NA,100,2.90652234822232,NA,NA,0.5305333333333333,4.515019577,41.269836436666665,NA,NA,NA,NA,NA,NA,NA,NA,NA,NA,NA
"GUM",NA,NA,NA,NA,NA,NA,NA,NA,NA,"Guam","East Asia & Pacific","High income",NA,NA,0.6535123189290367,34165.15239638497,NA,NA,NA,NA,NA,99.059791733307,100,NA,NA,NA,0.04083333333333333,0.0197942,4.467405306333333,NA,NA,NA,NA,NA,NA,NA,NA,NA,NA,NA
"HKG",NA,NA,NA,77.53333333333333,13,NA,49,NA,NA,"Hong Kong SAR, China","East Asia & Pacific","High income",NA,NA,1.5440369049708034,43795.2325827704,0.812756538391113,2.5,NA,5.39016532897949,91.875,100,100,0.9346719823114873,NA,0.55886,39.78773333333333,0,41.883678413333335,NA,NA,0.951,NA,1.1704367399215698,52.02,NA,2.5,NA,14,NA
"IMN",NA,NA,NA,NA,NA,NA,NA,NA,NA,"Isle of Man","Europe & Central Asia","High income",NA,NA,NA,89873.5421403346,NA,NA,NA,NA,NA,99.5963980833403,100,2.05292887722226,NA,NA,NA,0,5.453444493666667,NA,NA,NA,NA,NA,NA,NA,NA,NA,NA,NA
"LIE",NA,NA,NA,53.83333333333333,78.83333333333333,NA,NA,NA,NA,"Liechtenstein","Europe & Central Asia","High income",NA,NA,1.5267847379048667,167187.15730982,NA,NA,NA,NA,NA,100,100,35.2436099402506,NA,NA,NA,NA,42.63227461,NA,NA,0.936,NA,NA,83.00333333333333,NA,NA,NA,NA,45.7
"MAC",NA,NA,NA,46.733333333333334,103,NA,NA,NA,NA,"Macao SAR, China","East Asia & Pacific","High income",NA,NA,1.09302004178365,45282.027455256335,0.795671582221985,10.566666666666666,NA,7.18974161148071,NA,100,100,0.8418628128601476,NA,0,2.4013999999999998,NA,NA,NA,NA,NA,NA,NA,NA,NA,8,NA,NA,NA
"MAF",NA,NA,NA,NA,NA,NA,NA,NA,NA,"St. Martin (French part)","Latin America & Caribbean ","High income",NA,NA,NA,NA,NA,NA,NA,NA,NA,96.6287648090298,100,NA,NA,NA,NA,96.42507931666667,12.771547966666667,NA,NA,NA,NA,NA,NA,NA,NA,NA,NA,NA
"MCO",NA,NA,NA,24.6,180,NA,NA,NA,NA,"Monaco","Europe & Central Asia","High income",NA,NA,2.0321476459503165,211064.74454828035,NA,NA,NA,NA,NA,100,100,NA,NA,NA,NA,99.71312711333333,10.1800375,NA,NA,NA,NA,NA,NA,NA,NA,NA,NA,33.55
"MNP",NA,NA,NA,NA,NA,NA,NA,NA,NA,"Northern Mariana Islands","East Asia & Pacific","High income",NA,NA,NA,18429.579653781264,NA,NA,NA,NA,NA,90.6391752577319,100,NA,NA,NA,0.0037,33.156044003333335,7.659095788,NA,NA,NA,NA,NA,NA,NA,NA,NA,NA,NA
"NCL",NA,NA,NA,NA,NA,NA,31,NA,NA,"New Caledonia","East Asia & Pacific","High income",NA,NA,NA,30858.7237060533,NA,5.633333333333333,NA,NA,NA,96.8652854148107,100,5.60354479440873,NA,NA,5.674566666666666,96.26024629333334,59.65821078333333,NA,NA,NA,NA,NA,NA,NA,4.8,NA,NA,NA
"PRI",NA,NA,NA,NA,NA,NA,NA,NA,NA,"Puerto Rico","Latin America & Caribbean ","High income",NA,NA,-0.391092558701833,29453.169856009932,NA,NA,34,NA,83.75,99.8731075904989,100,46.418619369333534,NA,0,15.3489,1.8171503846666668,7.375490196333333,NA,NA,NA,NA,NA,NA,NA,NA,NA,NA,NA
"PRK",NA,NA,NA,NA,NA,NA,NA,NA,NA,"Korea, Dem. People's Rep.","East Asia & Pacific","Low income",NA,NA,-1.51095688343048,NA,NA,45.3,107,NA,NA,66.5057063956573,54,NA,NA,NA,81.43923333333333,0.022085488333333333,2.435341599,NA,NA,NA,NA,NA,18.119999999999997,NA,45.5,NA,NA,17.5
"PYF",NA,NA,NA,NA,NA,NA,NA,NA,NA,"French Polynesia","East Asia & Pacific","High income",NA,NA,NA,20756.27409729417,NA,5.266666666666667,NA,NA,NA,82.09702879800591,100,4.81237186637337,NA,NA,1.1144666666666667,0.042181494666666666,2.0263175986666666,NA,NA,NA,NA,NA,NA,NA,5.1,NA,NA,NA
"SMR",NA,NA,NA,28.666666666666668,168.66666666666666,NA,NA,NA,NA,"San Marino","Europe & Central Asia","High income",NA,NA,1.5739159584045401,49796.27723512187,NA,NA,NA,NA,83.33333333333333,100,100,33.34663904989967,NA,NA,NA,NA,NA,NA,NA,0.8533333333333333,NA,NA,NA,NA,NA,NA,NA,32.55
"SXM",NA,NA,NA,NA,NA,NA,NA,NA,NA,"Sint Maarten (Dutch part)","Latin America & Caribbean ","High income",NA,NA,NA,31739.252230682432,NA,NA,NA,NA,NA,NA,100,1.17053397088981,NA,NA,NA,8.699419991666666,0.7269734913333333,NA,NA,NA,NA,NA,NA,NA,NA,NA,NA,NA
"TCA",NA,NA,NA,NA,NA,NA,NA,NA,NA,"Turks and Caicos Islands","Latin America & Caribbean ","High income",NA,NA,NA,19979.0716478241,NA,NA,NA,NA,NA,47.091544374714566,99.93333333333334,0.630247217304049,NA,NA,0.0997,0.097133184,44.36742400333333,NA,NA,NA,NA,NA,NA,NA,NA,NA,NA,NA
"VGB",NA,NA,NA,NA,NA,NA,NA,NA,NA,"British Virgin Islands","Latin America & Caribbean ","High income",NA,NA,NA,NA,NA,NA,NA,NA,NA,NA,100,NA,NA,NA,0.07453333333333333,0.004115690333333333,9.108814213333332,NA,NA,NA,NA,NA,NA,NA,NA,NA,NA,NA
"VIR",NA,NA,NA,NA,NA,NA,NA,NA,NA,"Virgin Islands (U.S.)","Latin America & Caribbean ","High income",NA,NA,0.6535123189290367,37093.30353789903,NA,NA,NA,NA,NA,97.9359935454068,100,NA,NA,NA,0.0374,0.8521637106666666,14.3675518,NA,NA,NA,NA,NA,NA,NA,NA,NA,NA,NA
"XKX",NA,39.25925555555557,132.33333333333334,51.43333333333333,84,19,40,NA,NA,"Kosovo","Europe & Central Asia","Upper middle income",0.4,29,-0.1773364345232644,4661.6333668630705,NA,NA,NA,37.9216194152832,91.875,NA,NA,12.8640174540526,NA,NA,NA,NA,NA,8.315297449149693,NA,NA,NA,NA,68.38,NA,NA,NA,NA,NA
